,lat,lon,heading,alt,spd
0,-6.118356803129954,106.5195159200773,135.0401902518862,78.46482565827361,28.949240487670572
1,-6.229716189982731,106.56705656445392,188.1595077509643,66.95965367603333,20.29422191815813
2,-6.216439275417599,106.75749684890022,277.6859882311533,58.43840609036297,29.630004513165577
3,-5.994730236800528,106.68024975740428,36.97055527282305,60.80480594039926,19.71473073193849
4,-5.995922075325735,106.68882326260429,33.579038772866284,50.701862795048754,20.524643588806093
5,-5.993284703363442,106.65356771307437,48.04775719524224,76.78756836657607,29.7313538704412
6,-6.120504644422679,106.51754581671474,136.667587089007,65.41346886440209,23.31788490754781
7,-6.200832552247113,106.54106323703154,171.82718784169873,59.66540725076074,12.025755629419573
8,-6.028689240696112,106.56126210710799,92.07932608819249,69.3831821449544,15.683527257443878
9,-6.245603354854771,106.72296297492606,258.95742099150954,76.36640773241795,19.99709092097668
10,-6.107251382896035,106.7900283147204,326.96293644043135,77.42010768451675,23.750708944626524
11,-6.115703834936915,106.51736422192536,134.8447010362902,82.22702570776761,27.52711452032992
12,-6.078711111124561,106.78149930059188,339.07411824290426,55.33431174591606,29.040992968989904
13,-6.03006104050751,106.7511105387331,3.747776413928534,82.10286296255612,18.13973325010681
14,-6.047339104492462,106.76540011409956,354.206722929698,55.75459597752046,24.949823518010575
15,-6.196169365060698,106.53819817347174,169.5004077176453,89.06467627933505,28.751488207355912
16,-6.017770648317158,106.57012017197054,87.17488094700701,58.67833008314671,22.64404001566905
17,-6.035089341520166,106.55435737720111,96.2355728316893,87.3220773727712,15.380633375044903
18,-6.253720082868517,106.60396403021048,207.32085540409648,81.94352401727993,20.004278600457653
19,-6.253508356684824,106.61425793876916,210.01564329187653,86.55620695392942,27.771961587163876
20,-6.231489247660793,106.56798082032518,189.22322879640333,75.4848562577815,28.72599685255348
21,-6.105620487667428,106.78597633680398,326.47245047033806,90.40844789501449,25.679681208908377
22,-6.258690962753375,106.64195566464812,221.9722800302884,93.28391940864606,18.491550207854793
23,-6.1095789761058334,106.52048542979477,131.24199343978785,66.6766173810383,10.845297702687645
24,-6.259150224216712,106.67562437166671,237.01060041588343,72.66461373769015,10.103768993169098
25,-6.173013022088046,106.77898478427565,296.85100230692683,72.3918155641201,29.114553339770154
26,-5.994247907299024,106.63990197127688,53.89361422234407,78.63087826941339,17.920246724858252
27,-6.0875471736423,106.7863470234779,335.56439261156333,58.50758815021746,28.63024378811961
28,-6.098374073511909,106.52433450634122,125.51553494007726,64.82297435138915,11.722792580408175
29,-6.16442891591007,106.52749077906243,154.06678361484603,66.14878125102132,10.098290441615196
30,-6.143031503491962,106.79063979182772,312.03503066456165,70.12203767350793,20.651170383420215
31,-6.2185975517638035,106.75493812237019,276.12360438192474,75.21512555896116,17.204733571204482
32,-6.105167422110056,106.51915865310092,130.19452694331721,80.5211970345933,27.029889582187067
33,-6.00786126818519,106.59533424238435,73.94631979661824,80.38353819359138,10.8676870026221
34,-6.22785536536506,106.56338800584187,186.85513884087004,67.64233412242683,20.281349956650264
35,-6.260680409394948,106.6653070536969,232.6879465142457,55.73172801581856,10.691622175406826
36,-6.072138724869405,106.52828548649411,116.00160425550314,72.65114711770363,23.155541601873136
37,-6.008356800077915,106.71997451212428,19.302278315936405,84.56938146638811,22.415177594112812
38,-6.083957933279719,106.52772747537425,119.37352944237534,83.60621700489162,13.58485124561125
39,-6.214889140388454,106.75985026603229,279.10023993871505,68.05465901204975,20.310560123105446
40,-6.25836208214805,106.66664496628388,232.48758171669493,95.29176322321253,24.93413263608917
41,-5.99889089457685,106.69017346147704,31.70869400083035,93.35956669357441,17.812029997515644
42,-6.243299891955084,106.71692207626592,255.31093394099918,77.43519407237369,29.9295329811917
43,-6.027777684501786,106.56307920327117,91.03117043625025,73.00340623806058,17.672861768608264
44,-6.022287604628093,106.73949232458277,8.848061667242234,69.78162309704601,29.481358535769083
45,-6.0477799604541,106.54798283940352,100.95530339936954,54.822955870866856,19.390790857073416
46,-6.002519276058038,106.60706854564177,68.43462401644092,97.61802525616625,25.686467727387512
47,-5.989811509115561,106.65573355084487,48.44493701406782,96.33249932142823,27.16541271920858
48,-6.260956438477863,106.6367906783404,220.98330529255105,82.9916100940666,11.599702689929694
49,-6.236906721708218,106.73024311901723,262.20608976985505,71.97343949258551,24.094018980580177
50,-6.131394169400994,106.78797269461272,315.5109604589922,70.25391184515355,29.29852095854465
51,-6.232644906832473,106.73751887503576,266.1127007629725,90.5685515182112,23.324590236632147
52,-6.232267531694164,106.73924291815358,267.0772261708731,55.31428862604554,22.713404409090643
53,-6.183157068676953,106.52928930583157,163.61393727900764,55.27973139108786,21.209145373458306
54,-6.186161704838487,106.77548789999437,291.8714256266631,87.02657010341893,13.663873677914891
55,-6.105809980456303,106.5180284643154,130.89531501433498,79.68488155086237,25.324231151679857
56,-6.160125024535117,106.52494991440828,152.497274805789,64.94709823016964,10.029071811145116
57,-6.2432426453143295,106.58714985537132,198.23861313265027,56.4133344117375,20.03914934637078
58,-6.223164721042603,106.56229973782366,184.14600100743635,95.85745195420874,12.416104151852895
59,-6.00124040445498,106.59909739779219,72.96400641773886,55.32155960238261,12.419676436559639
60,-6.147451880124416,106.78896249465176,309.71299233150256,88.35217685496904,15.82154808020336
61,-5.993633860590726,106.64921128123386,49.83281813541089,70.43094429958214,16.69747541642186
62,-6.057569391545711,106.77426826233436,349.30139735618064,92.78114852614654,11.891226427621307
63,-6.0003168000226035,106.69652099181415,29.09874264488269,75.47777839971428,29.627925128656635
64,-6.034712433003885,106.75510287258976,1.0506612592075157,68.59136313998272,13.963830235693786
65,-6.126627336552475,106.51782781338069,139.0758821003462,65.75518847466005,28.385095982922994
66,-6.017772153832477,106.57086165004836,86.76701976165049,90.42155099744878,27.462287235925462
67,-6.148878887376275,106.51891681867095,148.65502590090597,78.27670982112858,20.95238481299115
68,-6.209327502791266,106.7581618693126,278.639299227357,93.49149767886772,14.126206809954166
69,-6.0432035907137545,106.76201540141986,356.3659737251012,67.25767444134095,11.349781612663818
70,-6.0232155726953405,106.7408926506765,8.20275518916742,66.0383276213436,26.892007871055515
71,-6.170086493484293,106.78503339362682,300.6628493320721,68.4525873783079,20.669797276015284
72,-6.001009722028261,106.70126160236978,27.43739506814694,60.28631511972966,22.607118872408606
73,-6.127024693897462,106.52135987743404,137.91579264094344,93.76450702029543,16.56408429605905
74,-6.1741415918124805,106.78273874098608,298.45060934357576,99.21721155570128,19.58816493325672
75,-6.042583084365077,106.75912805699684,356.6181864930358,79.70639333210066,28.668024252353906
76,-6.174632390531759,106.52880905908476,159.17863509932536,89.77068808007678,15.159199400178869
77,-6.241235375407213,106.72325263773911,258.63882107822445,94.81705321804954,17.993506152278712
78,-5.995771417849381,106.61978810088495,63.32953241950389,52.21270377560433,25.858296962303623
79,-6.215242185477877,106.55549203360613,179.4262781965779,90.79087600968532,22.37430120167842
80,-6.018646989824231,106.73528891965667,11.324012058817686,66.41968456697401,15.284592634319287
81,-6.138451466338726,106.5220750265592,142.77271766103738,53.21433644973201,27.423952387892175
82,-6.225194218404427,106.74987849422436,273.02567306325983,63.64717337900151,12.468291171220683
83,-6.239565156983026,106.72757338757536,260.91317925565704,78.41542189675887,19.77107615394666
84,-6.00023650642341,106.61348035992512,65.49783434448204,66.39404066564414,26.801686738220457
85,-6.258995911615248,106.63767184478345,220.4633793857226,51.45053329855324,22.781579395442215
86,-6.259944878014466,106.63092740520001,218.43430422281176,75.19679539843536,25.182457474286327
87,-6.228198738791664,106.74131948960054,268.1671315524622,73.26137807454079,13.972589708248575
88,-5.992968169846195,106.66895803030592,41.87802390329966,69.15413577047117,23.886948166345945
89,-6.163229164516692,106.78786889373094,303.98706159784797,72.03295872375418,29.672950949162363
90,-5.995497466956306,106.68786802208677,34.082267712777536,72.25816515604495,12.388166341098266
91,-6.0162426984432456,106.57906396412689,82.23196974202648,73.4978674256063,22.842740667055416
92,-6.2102954184937555,106.54729173266408,176.76042274118163,88.18621747484669,19.673957727671993
93,-5.995852154006745,106.61547959850974,65.49733908013411,60.408790066795845,13.967074263425713
94,-6.087701172211021,106.52673188146225,120.95811842894352,58.78321161098439,16.96214259393772
95,-6.262707299868274,106.64614126728213,225.27949230855486,80.78468534699263,18.93641472856062
96,-6.2048789325880005,106.54474345696649,173.83636845862145,82.79705748552473,19.597985066286338
97,-6.108100897873514,106.52136346955432,130.31415655731973,55.5186697207208,16.99467632328642
98,-6.137707278080978,106.79132575456528,314.3297534034614,90.57498420038658,29.794270913731562
99,-6.109279099131981,106.79170555583187,326.53508668594344,64.93096805702986,25.097650140869796
100,-6.239079560159703,106.73121685043822,262.9147519090339,68.72557707498666,10.232733389133914
101,-6.01916562469766,106.5738455802027,85.03543038385573,85.76710970398682,18.78097560750085
102,-6.259936171311595,106.6468686658121,224.45640590351857,72.17269448744105,11.770889756528176
103,-5.990786055800339,106.66709520398356,43.50418002641112,69.54517220423382,29.001332054956833
104,-5.995531731337629,106.61405378953745,66.29407968936982,86.64429945229077,24.069167673305927
105,-6.156114976604117,106.52083249729576,151.5879696825197,68.5208511614829,17.213510799213907
106,-6.027429306511631,106.74910909431362,5.29767968738463,61.315203497089236,23.587849983955795
107,-6.128221791935121,106.79254615557738,318.5789825048521,57.82609698263187,17.852008852623655
108,-5.997897938061494,106.69326101369471,31.262879469445807,96.36540457457943,25.03349068955901
109,-6.007642578310496,106.72351116387466,19.029549470714585,53.479378871516346,22.95491894975025
110,-6.024566785034633,106.56487695879986,89.9954557652785,68.75336416269236,19.62171952349918
111,-6.076804427363487,106.52910469754278,116.74997332386789,70.08489800649751,13.439866284404655
112,-6.224873550269042,106.55957636563693,184.98732490602586,94.14224025517152,20.926809503556086
113,-6.133018911402125,106.5214872608205,140.50576494287685,53.669775531101735,28.66499090224874
114,-6.167223981477771,106.78538841230822,301.6491103908606,58.395268911561985,10.293152216290862
115,-6.261414390258247,106.65978205013232,230.48298765677475,87.0772755404791,19.845406582158557
116,-6.195697218146019,106.76972655045113,286.94765740071045,53.18146998809898,25.027409453225005
117,-6.257448356363652,106.62387355421346,214.9064081227137,70.33309567938355,29.632023889695652
118,-6.001695873304213,106.70335632844522,26.534963370016044,88.84761494059454,13.020200203155582
119,-6.252391990362707,106.61024578334002,208.31550346043505,89.05189354911836,15.024964834565788
120,-6.13141946998616,106.51735156054826,141.27925548973533,68.33860797727337,21.18931836562423
121,-6.2480116281709135,106.59125846955584,201.5370882893648,98.73472299160935,11.686721877309305
122,-6.1052532340016175,106.52179798483431,129.0829969801182,66.83644874489485,25.762566970435085
123,-6.114394578830648,106.52152373502518,132.64245186484538,92.88636863522575,24.089926365158497
124,-6.260527349508871,106.68278122277749,240.86476892855592,96.4298589666084,14.209376396803888
125,-6.000092227074325,106.60350969825419,70.82807360824779,80.25264017332563,19.281041541630536
126,-6.214802840227627,106.55252828403799,179.19412155666944,54.74225645709633,28.743226880699652
127,-6.124735554894237,106.79266499705284,320.0690320111107,55.482508812265856,21.318460918600934
128,-5.989309994818233,106.66246860648569,45.89598948970735,91.10157201526306,18.35327595691872
129,-6.170155365200795,106.52935085046589,156.66316519534507,71.441510950427,13.751828100490366
130,-5.995140075773291,106.68068104889505,36.6324180775365,66.63839650951735,24.410874161850742
131,-6.24110853695651,106.57991268281341,195.9000809753495,77.45746132398901,14.679917765731702
132,-6.174081580326109,106.5269434322415,159.26151333903,92.45990385841657,16.162516094836477
133,-6.259589630286107,106.66820185688097,233.64254857533336,54.18343165847835,26.751615581737568
134,-6.013180876280016,106.73017026578783,14.998327112078073,75.82405550727655,19.2740990472614
135,-6.0706517570860115,106.5338981624006,112.7581727943163,76.68484510475776,22.049803458000213
136,-6.004654512799027,106.59939422027456,72.22555222661924,83.69170232137975,26.009186528184742
137,-6.003550789614191,106.60004665876842,72.06290834245357,69.58608512269737,17.291771599920207
138,-6.0410591838579055,106.76201355078203,357.5605541436313,56.842678082729485,14.428802860454049
139,-6.028224540298636,106.5589821122908,93.34242447212404,61.280029454497374,24.90025805668597
140,-6.041006410844276,106.76120512520735,357.57076426346646,60.35148266085803,17.014478408862374
141,-6.259113337481216,106.62289735022607,215.35792742075725,68.49179988823275,15.854294955375838
142,-6.013492296223895,106.7265933408317,15.360152266173543,87.94930967759322,22.91169444742015
143,-6.126288424008417,106.51813127810345,138.82301279670048,97.10022366752645,14.04676465657353
144,-6.14166833250661,106.78767235578985,311.2937172513192,56.130015052176596,13.032032298934379
145,-6.139397112344867,106.78690448955281,311.83581677050216,71.70414139259385,13.612258591664688
146,-6.001938853752405,106.70686382576048,25.527642252667306,87.1967441177267,10.523244712027973
147,-6.2146106349187,106.75391539828234,275.777805642258,59.003759196721276,25.416997066056542
148,-6.135230753084136,106.52043579055898,141.87938182427703,54.10410026969722,13.680826064047537
149,-6.038838346585966,106.55320210448821,97.13786656044891,85.57287965464229,18.12495356011163
150,-6.25886580756912,106.6282313888053,217.01793316083408,66.91065605826769,22.017228547006965
151,-6.004140695462772,106.7109703520477,23.414450287141563,97.20801076203085,16.06849725738232
152,-6.260496316792717,106.64752997723159,224.95370951181962,87.48711751345985,19.509707145871687
153,-6.016157260510412,106.72891167634089,13.524128541568643,59.77172814369305,20.467814169769653
154,-6.0243760116742004,106.74395182792247,7.314202672783324,61.74914163691765,21.149353298999216
155,-6.022437012104369,106.56784540709809,88.33924717031175,52.1351053175922,22.571347357107072
156,-6.149507601069876,106.78685111628508,308.0453991433951,60.103007255664224,28.572307372789552
157,-6.230799519259995,106.74262527312304,268.94582167273563,97.19822546599215,29.262650783920243
158,-6.255410240188583,106.62342163515238,213.7849774847775,62.40572539431034,24.729279262023685
159,-6.196580501577945,106.53851629731301,169.69568216859628,88.18239708874077,26.124047927124813
160,-6.237645021414859,106.57887571623955,193.86637658856665,55.51720419174285,28.622887838167333
161,-6.190965142336202,106.5368722763901,166.76228084441092,91.67793576045784,25.2493301322197
162,-6.178893951124847,106.78182939000177,296.78593489380324,60.0564588204504,28.644947178916176
163,-6.031234858017469,106.75313165994896,3.0288913421373422,95.36812187003142,29.31460370805017
164,-6.005208018644965,106.600700016124,71.40215477181653,90.18177711729084,16.676562931559516
165,-6.001944886416995,106.5992331439556,72.77626326691467,70.43494198538015,28.851789151604525
166,-6.080667577270317,106.52779127941675,118.42990281053517,55.096707153513115,18.435194320826007
167,-6.059879286256792,106.77086562505801,347.64775168375184,62.92563108745005,28.04712392296412
168,-6.042736206295497,106.54755579988169,100.65316618526833,94.2378023334847,22.97520980756915
169,-6.0134937749854664,106.72454921850067,15.677465502148891,73.70530160675924,16.39645690528774
170,-6.171454362781514,106.52931087337427,157.37088476301153,78.92353950607763,22.589667018509253
171,-6.099404931600366,106.78973393849392,330.58684055488476,93.47421685834112,24.913688412506108
172,-6.036415864409056,106.55068903407437,98.35539579815878,54.94376126390424,23.28839346273421
173,-6.129034826687882,106.51811048679417,139.99183066660223,59.363485570013694,21.503370291767368
174,-5.995949855904259,106.68132319031217,36.032979306941854,65.03251940933046,21.023527556524662
175,-6.263157652843633,106.6462409815673,225.49456743933962,58.7377603038168,26.013748219404476
176,-6.255304264888142,106.6232819366802,213.68778383213274,53.237333963158264,29.061573474567453
177,-6.261959195663413,106.66974618066259,235.13834785516883,58.360062388500594,18.773013035763654
178,-6.009278106095826,106.59089662744792,76.23954199297725,55.36139161969429,14.736977565276659
179,-6.193491933756621,106.53518596134641,168.35690427049397,59.719024896270696,20.19334729025998
180,-6.175182561104689,106.52963857535312,159.3047707864691,74.99313450353577,27.66380692235886
181,-6.001434189530464,106.60093630977218,71.95388822403794,89.45951056623372,27.82198651246014
182,-6.207316814654781,106.76485293475557,282.6097463184883,97.47054943440862,19.612279015111163
183,-5.999319506628681,106.70671295762165,26.88151219624342,74.60545939751603,27.523809850138225
184,-6.134660517534922,106.52148508094648,141.24621387724346,87.93110582605466,20.28211846231109
185,-6.019883765922803,106.57178942517851,86.17522194599383,71.38535805307589,19.74242035662197
186,-6.02623455284018,106.56347379620449,90.79303229413892,65.44230008013841,12.37542349707811
187,-6.218228979718933,106.75366828378674,275.4318840232727,82.21679623992581,17.9178126146436
188,-6.239074570727926,106.7282228900891,261.23656635112,73.94811197566283,28.581118918409494
189,-6.1277106885990085,106.51818112677067,139.40390886302276,56.72502649850055,24.091889753843652
190,-6.068514322373861,106.77937428265291,344.0975764112137,96.86640585724334,27.274352572008567
191,-5.998045633690909,106.69184797655166,31.615488458327206,96.62136761159456,29.680912943683886
192,-6.02025659697651,106.57449062503558,84.60657570189113,68.33232764478775,18.723675999208446
193,-6.026912181211542,106.5603234557213,92.56418021858389,89.86776447057858,23.6020166982717
194,-6.231127816095268,106.74092406351654,267.99738961640605,70.99550701536805,14.018217767950334
195,-6.0419608314501225,106.75704570949236,356.91128047607447,95.66764482504199,12.527714654762276
196,-6.019021696739967,106.73930706316776,10.684139049371993,97.56020628171083,16.687016626082638
197,-6.195199561817792,106.77083603541526,287.6374019597321,73.99104250426622,29.085584023479708
198,-6.24274368778799,106.71879743780252,256.29842789962936,77.19459392360957,12.691778942845566
199,-6.128336453673095,106.51649133930229,140.26839213432785,62.97295621527387,17.949738604527226
200,-6.009639356461399,106.58182507974098,81.22674781660294,52.68799106481566,18.307288086004103
201,-6.194531113102847,106.53800927897636,168.61170899508653,83.36399221888833,21.16870901979562
202,-6.26138692678968,106.65644947301465,229.02764911365028,80.54599271739046,11.105916705196151
203,-6.244190270059768,106.59124637678372,199.512496522488,87.67284355973229,20.595073151935892
204,-6.094452546656722,106.5207000320446,125.88975965761426,57.58541567552038,13.705711367938054
205,-6.119787738710942,106.52013327595384,135.36988795963737,69.22751993015102,17.829683858501703
206,-6.096300340990763,106.52305453040634,125.42307348441199,85.45538119704382,22.290106931120505
207,-6.08619614777698,106.78643984174103,336.2641124418508,52.87234737866489,17.552220667029808
208,-6.256441189560702,106.62120611583595,213.56999657659648,90.88212601889886,20.186434522642095
209,-6.257706642540647,106.63115390533427,217.50435258704192,52.51217699581742,13.698272055237455
210,-6.035038747678451,106.55828294913064,93.98713462581304,70.52878882741149,17.26558582053446
211,-6.1849604644110965,106.77701977694664,292.93429561853463,95.21754676689932,17.52073405141943
212,-6.120400258730026,106.79212004715369,321.7260778590378,66.38340997769386,17.35326146069501
213,-6.17412015984319,106.52640859129342,159.38671664913102,80.46607844905661,18.271094596747012
214,-6.058005609536665,106.77071216259536,348.68261981614495,81.40765095833316,29.151122808298894
215,-6.212724430933061,106.75619825381357,277.22764562488516,77.80187078931664,15.359668494325776
216,-6.255250044050234,106.60773141029466,209.05135449263213,71.43098804953524,16.681368868571628
217,-6.174459541945615,106.52608620857733,159.62505542041035,94.82342668758271,14.992602915224214
218,-5.994049041885421,106.66016713449957,44.93487802358629,70.9332080569493,15.619954150166699
219,-6.068870742298172,106.53431520415694,112.13772707919503,91.60762622340245,13.251285433351015
220,-6.049782229938003,106.54408323047456,103.4104096074737,68.88138129035315,12.251726728015033
221,-6.071213482443801,106.77860325234919,342.5336253188433,96.34098210200514,18.239950278096707
222,-6.196089749366796,106.53775838677528,169.50144908476491,96.08011405504209,22.074574294006695
223,-6.0027752138943145,106.70488721690013,25.584062024333775,89.31997427817859,10.267775439931308
224,-6.257168839507881,106.67571045842351,236.42079069087168,63.539087747831026,15.85686289201071
225,-6.029688076912371,106.5584047862268,93.71245734608999,59.42376555209337,22.453385130618432
226,-6.120992890312992,106.78941682910272,320.5180006344051,57.172830184314755,11.344178457187313
227,-6.213809459417918,106.75855226318177,278.4777517993807,87.25154446153269,29.737744795455846
228,-6.089487495299167,106.78601170746815,334.50933004353885,81.25041103662937,10.981761149729907
229,-6.0355111990474315,106.55235944759707,97.37280846009719,90.32389821808937,10.722065767180574
230,-6.150268939327975,106.5230382728245,148.10464528867846,94.76833470127994,14.20649732723744
231,-6.261018297628624,106.66749929732076,233.80211839677492,72.72636364169841,11.662507214336063
232,-6.252621876347858,106.69769577328839,246.4589912853122,54.87997618673489,26.65108098131296
233,-6.258399353413243,106.67156328810408,234.8217869261902,50.34666794049474,19.418199789510847
234,-5.998090634144215,106.6866319544111,33.22883527157251,62.41258559076911,16.502528884800867
235,-6.249391398991021,106.60050368971379,204.27770206431506,99.49663245625769,25.658121670152653
236,-6.245240355970276,106.586272506273,199.1421762181798,64.82400719936855,24.2855720358287
237,-6.181749893028396,106.5307010339228,162.6375574917258,64.24557613525651,13.846455893383474
238,-6.095911652996263,106.78520158973545,331.0593782639049,95.50919441486062,14.68318589285396
239,-6.032785529502041,106.55378233847038,96.41236781979188,76.81680258306575,17.38589176888261
240,-6.225754472271688,106.74564565673958,270.63947967975525,59.309361683415624,17.031597624794326
241,-6.261902461162684,106.660036784385,230.7696183079743,72.29099666295065,11.410449560670946
242,-6.1297693705852705,106.51910499338939,139.94858002002917,61.85256840587587,17.38083684270002
243,-6.1554871106571305,106.78955563009163,307.1996635243327,99.45709997112735,10.257187593031794
244,-6.080310847013806,106.77961001914518,337.82191070550357,57.8844754156816,26.21586581315332
245,-6.067290791920953,106.77713090952584,344.4139018302858,92.31113427408222,28.003733608385705
246,-6.0427700911020885,106.54689047940579,101.02248688888909,53.49158111268705,13.305328078295716
247,-6.133271511502282,106.51924867578006,141.42505621111133,86.72055803464383,12.20934924526606
248,-6.07034782929049,106.52886433045906,115.28923665377215,75.25447937856002,15.252163533484971
249,-6.221360135496515,106.75028265391589,273.3723636422271,71.02335802831826,29.413150598870605
250,-6.262650059018655,106.6473460879648,225.7361956863351,95.23551510145333,24.756770703719514
251,-6.185547316599323,106.77889870073747,293.76539663045764,96.72366028467752,16.280658610877854
252,-6.0807082634492025,106.7833984795994,338.41618546318153,93.68909398040373,18.595124459794
253,-6.113696615885013,106.52148852127263,132.3848018976526,54.688186919523154,27.619934037832802
254,-6.1893940014847,106.53198185485522,166.5385085810451,88.94373415396342,21.24486353671964
255,-6.219291741357804,106.55916099800736,181.80805434961505,60.179536581226415,16.227441422228992
256,-6.244528664455279,106.71423338861406,253.97446858627103,96.92340988493609,23.160883498267058
257,-6.1413661052794986,106.78850456341956,311.7666320718153,94.90959695342781,29.312780830234765
258,-6.125620110373145,106.51719803067967,138.88435880973645,95.11653096620697,25.58838603938131
259,-6.05547034350239,106.77306507394795,350.31518030010005,53.76940801233395,20.73682620880688
260,-5.993433488426001,106.63848236362075,54.838781056515245,89.51784210569706,10.150465863639539
261,-6.236284862831021,106.57384492676945,192.47143259188422,69.12173390005248,25.813341239390233
262,-6.243560737123709,106.72449059662183,259.57916246397866,79.21716853596722,18.322713470145125
263,-6.067388471327576,106.77882623529065,344.6132800102256,91.16846486376096,26.395044844239294
264,-6.003050922530831,106.59523358016337,74.74223265930925,76.89511295495984,21.80648717017565
265,-6.00864676222063,106.71890659128752,19.3479394850242,55.273354744656295,21.999429964098667
266,-6.258773931260266,106.63371289894921,218.9051057720016,92.95445815417453,17.227646038734736
267,-6.2180629121943705,106.75268961598299,274.8832233507675,94.83189144333627,13.662295179885845
268,-6.034552448872929,106.55470833948927,96.0068071975598,82.91090121056513,23.034648652585012
269,-6.24043672256245,106.73142139939542,263.1190748130551,54.63771033741984,17.65635087669081
270,-6.261182947747819,106.630466755711,218.81425150527704,64.25463269698238,28.38103802387373
271,-6.076058757514945,106.78107157790389,340.39145761292855,90.79542671997268,26.076991292154045
272,-6.25132618282276,106.60792839498573,207.14254694341784,59.33361258700131,29.308885550757275
273,-6.252060976565641,106.59929552443492,205.35476023046468,53.27011058426246,15.633005407910112
274,-6.241070263630838,106.73055896443562,262.69091802442244,53.703936070508725,16.697998822525307
275,-5.9924347056124025,106.67081771418503,41.39937238780186,51.37740101317562,23.248646917154602
276,-5.997407862812137,106.62369489611896,60.896315079950455,72.76831071788548,27.625348080397444
277,-6.0297340702138476,106.56156803782414,91.9256634425476,82.23154843723654,29.106870823757294
278,-6.021796370607698,106.73986198459414,9.092538552749943,79.20746852451506,20.545249595741495
279,-6.092684039227076,106.78589288282092,332.8703439912349,82.1485447913976,17.146190494447755
280,-6.179694446128362,106.77957802248115,295.4651722059235,96.25192590764166,12.341102177934884
281,-6.160389590441872,106.78344125126576,302.7837018936696,59.50578670186484,23.155302862757008
282,-6.25854427365799,106.68151009901491,239.69261534122157,89.2024012276629,21.823301396432832
283,-6.052355243136279,106.76734016724947,351.5282818893536,85.44212294739451,20.75537295515329
284,-6.073419027727146,106.77764357209735,341.16755430776414,64.0060919269109,20.620387676540744
285,-6.090030578402271,106.78545817992324,334.10038602215513,79.04350417336188,19.90644271375772
286,-6.038975637106343,106.54951610324837,99.21233989716512,93.26352248227232,23.39131012335382
287,-6.141993434162269,106.51867860090127,145.53506102014094,67.8716602358917,15.673843625862432
288,-6.259311541785344,106.68306565882033,240.6720713088601,66.55091717405944,14.985612939363014
289,-6.168181470643027,106.78202219585123,299.73686735409774,85.48804955881006,10.589243884778021
290,-6.054705737847075,106.54007635761197,106.33577365934872,59.43490531891656,24.42452101542196
291,-6.102024376976499,106.78679936948522,328.4852286545948,71.54034868901843,23.05892932588588
292,-6.238286406042414,106.57806008346006,194.1077502841135,74.43977897982022,27.230029926654474
293,-6.080910236126925,106.5263080731391,119.22933333461316,86.45833659975804,20.170732011218554
294,-6.24900606971895,106.60110555619052,204.21776701419435,55.8043505072969,15.793882629311257
295,-6.119695081928538,106.52148666707562,134.7817849363093,86.40820143489034,19.614918143174425
296,-6.034188523693245,106.75020624384312,1.4113766524288849,81.88914424301987,24.408842235933953
297,-6.258125784855043,106.6932500960895,245.43033947529784,74.03259451929512,26.26685623529403
298,-6.029895262243507,106.5584521768948,93.6935247400312,69.72164071736684,21.613555612927172
299,-6.130338330923251,106.78839516863401,316.1205795896221,80.51607600753451,20.078868806646167
300,-6.258205828219725,106.67393749932408,235.8966094114473,65.83047526020817,12.147997542338842
301,-6.011714850037819,106.5835337572688,80.09609069725889,80.93912347367582,15.56840482275707
302,-5.99342191968035,106.6868016615611,35.38174466618119,66.65248231088297,29.94945370814091
303,-6.136786040470203,106.51963183533816,142.85866089613302,52.94289931626216,22.872438449410918
304,-6.134170739061927,106.52101428093764,141.1959013358325,53.40654505985545,22.20223292145153
305,-6.078460102452684,106.78208780542452,339.32373833516596,88.72249886787228,28.4615815469321
306,-6.055282754633269,106.77187178680234,350.30642016302534,72.78270585799035,26.48057026847007
307,-6.001194421561167,106.7107350329322,24.979136348404268,69.10878970479177,13.580760771659921
308,-6.223700296836889,106.74876165593177,272.441628132579,52.75768619062251,27.732675168814005
309,-6.010633335854126,106.72106850364713,17.861105191960235,78.35917720135757,17.470707767656837
310,-6.003214576332104,106.71507572037737,22.983970649384162,54.64915208019575,11.002675964849193
311,-6.035881044377124,106.55745065819988,94.50960122469945,82.04339219707353,19.94274099104978
312,-6.088525349040429,106.52330894600314,122.85271001750175,74.93542141812247,14.740597641662365
313,-6.172236481928684,106.52710340405694,158.2636060586982,63.998772399973326,23.97837303980433
314,-6.026889645621041,106.74621577502245,5.755537494998691,54.69784697718738,26.510651757665613
315,-6.037914558019532,106.76013450559938,359.2647465019016,51.73501655880769,16.031197996614644
316,-6.074157239214672,106.77855066532686,340.93540779195433,59.01614183749074,20.879084608386727
317,-6.251426732959951,106.60042704444542,205.30525190207942,81.54848988422034,20.900623464873853
318,-6.02699936065138,106.74378149467525,5.833911172569913,82.53575731365814,14.718155940716926
319,-6.231442802815269,106.56995486048805,189.37731163888003,98.13818193166034,20.114730249999802
320,-6.101025235713933,106.7893398590431,329.7038045940676,66.78413578937337,17.42326537062361
321,-6.109279476573698,106.7886502385585,325.58450117406227,58.79177116759749,28.93226674541027
322,-6.257280053244419,106.63147066323997,217.4192847813318,53.848016885895646,28.307224665105664
323,-6.225746021241242,106.74795125134838,271.9419752882602,62.228543114017256,28.127923402707843
324,-6.032743634796588,106.55650766036706,94.90141949692872,85.07105100948317,14.143165595645568
325,-6.2470220943541,106.71257895219428,253.45545447811412,81.57093829805505,26.138239724306686
326,-6.257455254641006,106.68058337126143,238.915282035046,92.533335316107,15.133394347494436
327,-6.179560475912469,106.78138281774909,296.40173876225833,53.973938669665074,27.38945113437875
328,-5.990191461697529,106.63735662873279,56.395144233260226,73.33011084234536,19.42810722349667
329,-6.261605199504943,106.63499450580359,220.60138216836523,80.15037097908048,27.823483388956802
330,-6.0386740260383105,106.75494066439155,358.78537975999745,61.43322411083869,27.637561482002223
331,-5.999121586819573,106.69142149935175,31.2091576498907,67.43715536015159,17.17075705273897
332,-5.994889956718749,106.69341770752709,32.65527497395391,72.96798817637894,11.325067511029205
333,-6.255633272370391,106.60907956290656,209.6015022316715,66.07890222401646,11.666348636002414
334,-6.071336236710419,106.77700039018814,342.1904311494867,81.16450213012982,18.574981898866508
335,-6.088726902392026,106.78492595092605,334.6331944292306,92.82034072391619,17.65930361121653
336,-6.068063830040339,106.53142952686561,113.47421829856268,68.90921875386796,19.004525299053363
337,-6.246796494633356,106.71839082434734,256.6153440650045,91.91802051770036,19.520515939154386
338,-6.19347914483281,106.77386791565256,289.56116905042813,62.33908743005031,22.74814235154441
339,-6.016990609659344,106.73782911177143,11.947066483420997,97.44985681228954,15.332080420809874
340,-6.203579269996587,106.76308851112057,282.0831588528615,53.812891885248085,12.863820770109637
341,-5.992881187772063,106.62792450480198,60.06527928039054,57.2242900110026,15.479518240243994
342,-5.99237032387577,106.66070136945036,45.40293090175078,86.41017802740619,18.32391797728303
343,-6.247506482457823,106.59297718722543,201.62761601787383,87.32746395760327,10.759690155910162
344,-6.2138909072695805,106.5508446321399,178.69632722646938,53.589330729782105,15.069245685487733
345,-6.259478379107427,106.63513811515317,219.73653809160209,90.3295416758742,26.68242200563506
346,-6.00770729829679,106.58555805885157,79.3804977387669,62.94818060190696,26.815082404394733
347,-6.150826949015265,106.78709684220506,307.6923670212555,90.80397239880682,17.524737773075206
348,-6.234928059718371,106.73073164150783,262.3330770808027,55.332816430821055,24.02954259164193
349,-6.185210591281148,106.53055875956545,164.50874611581312,91.46614641713253,28.278249660703136
350,-6.258571446161877,106.6616842057628,230.2819618113361,63.39355367301348,28.31660712952215
351,-6.247235949584136,106.7121093487791,253.23087256622753,61.49632775452969,17.148933698486736
352,-6.040603003909232,106.76160565011132,357.80360406990036,78.27118923298576,16.31775357405619
353,-6.176217506292912,106.77898492331482,296.0212816231228,55.621062106048235,16.04685810632258
354,-6.227329371521049,106.7453052824268,270.43798093194795,79.67106457657285,29.28201104836898
355,-5.990083876906415,106.65854691931646,47.18050681251333,50.12666338242153,12.880996087891972
356,-6.231280742138829,106.57001720449725,189.29200757474098,76.1776341490291,12.014623212866887
357,-6.195070307301014,106.5385174645575,168.85578101420478,89.75128473803073,21.37324697775449
358,-6.255623722690962,106.62590098147037,214.70866347920574,80.20518945471683,19.08825540497206
359,-6.094280471263129,106.78463484259547,331.72886567259917,90.88337128979643,17.37476571474666
360,-6.145108120491502,106.51823575332988,147.10026570094675,50.79144906186487,28.34995257550022
361,-6.09187040975457,106.52432682522029,123.40158025098731,66.30156817251276,18.969985919372146
362,-6.233810872184879,106.57628847366725,191.3778304339406,86.76437545668374,26.234077620641056
363,-6.141184018244656,106.7880431286182,311.6386065502072,72.19742243449036,14.189569437225453
364,-6.032614713586255,106.55684000390899,94.70857320143455,99.29382895922339,29.528364190510285
365,-6.076293953700377,106.78095924126907,340.24583901294307,74.47890614125488,12.036662631558542
366,-6.1538988785952835,106.52276498919804,149.97212711453312,94.47697675301775,26.817451505868092
367,-6.054729931889563,106.767690820835,350.21458749151014,84.55044837694413,19.478756274072715
368,-6.008933951351715,106.71695460083615,19.567996394953354,75.49993049226512,14.62958142778019
369,-6.208842021729671,106.76438607794766,282.17556350451395,57.1014140034935,10.467082173124734
370,-6.060063348959328,106.7698071574057,347.41040901261357,61.25320915973651,21.88022225716508
371,-6.208537229082568,106.76303011274497,281.47120512894827,96.17437980811354,13.591345285933636
372,-6.050661672917909,106.54325091528335,103.99126872913234,96.41042844345743,23.067253096302615
373,-6.0848118222598915,106.78419680397307,336.46885284544953,89.21171329548922,14.81711107758423
374,-6.154103838802278,106.78622894170162,306.1687630945865,80.99129605777594,16.163448718440133
375,-6.101685780160784,106.78834306248163,329.1036589409154,60.31477285782647,28.83428870362655
376,-6.068587852149802,106.77678133360865,343.65540385104146,64.56673618445222,17.928295951754727
377,-6.194104442525562,106.76978954238115,287.25261502543236,98.50286269866876,14.267418397328182
378,-6.139658332106848,106.79171139113947,313.73498494396523,68.52510542252496,16.910661297730524
379,-6.060548494861187,106.77076186018118,347.25650186262345,93.64072313404594,22.193839398158165
380,-6.067091926288095,106.7753822903923,344.2547550462832,59.50697020374484,25.612503405448024
381,-6.079836644985572,106.78349081593907,338.8859295235776,72.54557430673849,11.79940639715446
382,-6.258746977879501,106.64561371754642,223.45036563399162,93.46871262213315,13.41849922014979
383,-6.249284060845866,106.70362848522615,248.93232404466767,71.16635515321573,26.60235061282233
384,-6.032514615406502,106.75170870272811,2.3486294203057696,71.25666126579249,14.299229319586582
385,-6.032762795431257,106.55913278915291,93.40843461863125,74.65816138732457,22.824848597178732
386,-6.033321084180302,106.55838036916113,93.86233961349046,59.71531357846462,22.44181246291059
387,-6.249282375095065,106.59749789282611,203.5282955610815,72.87606648906673,15.857064065722158
388,-6.260422449608901,106.6740473840252,236.65531612333479,54.29123157028918,10.733359031103083
389,-5.993884267174868,106.65932310954183,45.35503657130312,82.68855961448509,12.155775487712784
390,-6.024730248536938,106.73962226415247,7.431922026036602,54.73143470926522,22.24716315630495
391,-6.00222718887529,106.60389964086652,70.21610323114857,83.06285529772644,27.832002109401678
392,-6.078719091578155,106.52600550795911,118.78579503881559,79.95024815448353,10.913685184121668
393,-6.219967993128087,106.74908493726076,272.7242130345685,67.91586513229305,15.560222008870806
394,-6.244619196453786,106.59257622808852,200.00638252531763,90.4798702191134,25.488500700884998
395,-6.235765840186023,106.73519613072419,264.93845729713075,74.75770625367257,23.71276357618889
396,-5.994479692685073,106.67986450298045,37.218894924919596,51.94302920997017,22.121036313496504
397,-5.998944427673219,106.60867091035757,68.33518778729564,85.0751963140892,20.70881247597959
398,-5.991322843131544,106.66498972736842,44.10598303008459,73.8657025821036,10.04601333507608
399,-6.153007495434235,106.78735284433976,307.05516462786915,85.14680894268706,13.526565429464823
400,-6.031230320380505,106.55572328273112,95.26225275128752,62.51569829324107,12.986669757930331
401,-6.215268494603826,106.55073512440138,179.4673678136413,77.13181475082574,24.9691417976482
402,-6.220578321002665,106.55966374476104,182.5648339008658,63.79711809121865,23.38423902552364
403,-6.113780085044119,106.517277062656,134.1402369081752,66.74343247650106,17.967746486667913
404,-6.104427808037486,106.79037750182167,328.3869416874828,73.9553141347717,21.94383061747306
405,-5.996810602400109,106.69302132089062,31.863777617343885,73.99875208418499,22.439301078762885
406,-6.049953789469216,106.5424631919831,104.32587171278828,73.21944958996542,18.28598949000047
407,-6.053297319328287,106.76817128096077,351.069628521073,93.87802827417735,13.877197812435877
408,-6.2151547737968,106.55341846454742,179.3882300079777,66.40288352187878,11.613054972093098
409,-6.0775230844840165,106.53065263207182,116.13721201887898,62.88888119183693,28.626635239654846
410,-6.2382049295015225,106.73430317812316,264.5671832538542,93.93730505884653,18.70738275926007
411,-5.997762359323512,106.60753637048926,69.1661007225967,75.67057390338324,12.943716864080834
412,-5.999163386801396,106.61319451422386,65.90640705983503,75.71564341709575,28.150975792589975
413,-6.229295289507612,106.73977771568896,267.29952617753213,93.05588412532828,19.365467830364288
414,-6.161683507658703,106.7828438708052,302.0840688682447,80.01992998582377,18.12026563648587
415,-6.072410384990677,106.77641706765966,341.49411479625417,63.55689413336279,25.22160224522971
416,-6.216162650455706,106.75799353371359,277.98036906151196,76.57766761640752,17.41119729333331
417,-6.027562460698409,106.74493596377071,5.4438063810636095,56.0605757415628,15.02850429641887
418,-6.0206903512940055,106.57042688281635,86.92004104686026,73.08831902903037,11.60558623306276
419,-6.156990588181526,106.78926209812168,306.57747809782944,61.338761987383165,16.009536511948532
420,-6.184738175407461,106.77668372871763,292.8080706786135,70.08080610509509,29.990860265777293
421,-5.9987291163469,106.60850759322943,68.46547799049881,52.95077906649043,28.005856900874818
422,-6.0057730883411935,106.59084536453291,76.73405223601787,73.76081184959315,23.22696989600573
423,-6.105653402160992,106.52273932489862,128.8063457335095,64.73401691693596,19.002920327706775
424,-6.041050975327565,106.75767133247524,357.4585072449783,51.508308532066216,18.78195749858855
425,-6.2289539474760875,106.73960371917939,267.1889081915602,96.39268969221243,18.88744168471895
426,-6.2623615868967395,106.65858840859012,230.30477338035737,98.07679091703363,14.556175196903979
427,-6.259292788885855,106.62100829765149,214.83617956945182,80.63812022768658,21.23252200515702
428,-6.052671719183702,106.54204772334678,104.9430872443063,71.10808835347743,16.974051681739727
429,-6.098456844397886,106.78962761396778,331.0124615462762,57.76381850343463,20.926128082464352
430,-6.255786686439752,106.60915067487811,209.69470960971955,87.64697005878338,28.168771912094158
431,-6.1518054996126725,106.51960059247277,149.84622030788307,57.136431087804716,19.157534589548053
432,-6.1498901834920865,106.52389044570101,147.65475714590025,68.76822425882526,19.448308980959624
433,-6.220819701253361,106.56179215456592,182.76312842113558,60.61024944002745,16.185581726098356
434,-6.171946312114902,106.52561777891121,158.419478858145,92.2878934036633,16.827439237799812
435,-6.173846545805182,106.52660983107181,159.20492377071366,63.612229503320734,19.26145754596979
436,-6.04418368935611,106.76536293580503,355.9476287328323,98.56955046639754,24.784931199956816
437,-6.188355182202352,106.5334668459947,165.7834436176008,55.39086000587854,15.55031281165392
438,-6.2592227620892915,106.66786553139654,233.35975474678483,61.52552120126998,22.72016861558647
439,-6.215011246106088,106.75609539367751,277.00542383273387,93.97134933372693,23.08751835896049
440,-6.262484531221624,106.64254029712278,223.78499048690614,98.34230539168772,28.78066348772849
441,-6.2170266886996375,106.75171643998831,274.36870850729736,79.44095738088197,15.939741308917021
442,-6.136529075282962,106.52005952869723,142.5959856978082,85.6030066774292,22.670971891849952
443,-6.248963610063206,106.71181727377768,253.3550332868549,75.287763575148,13.476867279867811
444,-6.023359807309859,106.56508501177527,89.87971082234856,50.51516133681264,22.82505294279698
445,-6.139020568356815,106.78806968680381,312.48443473822124,60.491879287748546,20.368173652439594
446,-6.051313727798767,106.76954226762012,352.2808855154748,71.24312182830977,29.804707345993528
447,-6.229974527791909,106.56598524219778,188.2174225565868,70.14221830978587,11.764300958065647
448,-6.168445624889466,106.78360948485525,300.44433761402234,57.686953610202025,25.057968000349142
449,-6.158357656314037,106.5207264261549,152.70764305560087,81.64986195949211,26.87050534749171
450,-6.259751182912844,106.63934309655502,221.423773565904,61.99487309883798,23.49845552565338
451,-6.2363990598847545,106.57461298874567,192.6271232214788,55.611726765932026,17.68557477066966
452,-6.251994733646136,106.69624275501937,245.5321452082364,82.11405171299971,18.83237773591813
453,-6.0553710170336394,106.5423486294019,105.1805737676413,57.298131549346515,16.60014051281034
454,-6.236769680301346,106.72847870922061,261.178957902603,92.98630711064453,29.682139427155228
455,-6.190485908589393,106.77335823566294,289.85915902811723,80.31937111655951,17.804545436962457
456,-6.008902159710398,106.72044080210766,18.921300633856163,88.2313264936661,11.581933328695053
457,-6.0081375786452345,106.5868128738198,78.6514628374365,60.45668027228088,15.302527489371949
458,-5.989639903838836,106.65723213164112,47.88762053642779,69.68509546249871,29.408815926709778
459,-6.257655020402229,106.67686941198296,237.14500604020728,85.61509606399787,23.79899542789999
460,-6.048451842252564,106.54094544767128,104.93041861945505,87.81519001301655,26.950169918936737
461,-5.993824449025444,106.62853808336543,59.498825657717646,71.9138319175321,25.73748079452863
462,-6.087138073337625,106.78404796817654,335.2370227229315,78.87446990518521,19.293780214616074
463,-6.099006790366021,106.52441571026709,125.69156950908081,83.0964976617593,14.625311804482585
464,-6.247087474493074,106.60050365619345,203.05080734421944,84.53110174437606,16.622922691102115
465,-6.173341700505322,106.78131844326779,297.95940441226793,77.87033009936772,20.66424391328812
466,-6.19664384117041,106.53657824461747,169.92137403555793,86.63496265963786,22.690910252464565
467,-6.0544296770807735,106.77210375018431,350.7912444016182,97.64147691847316,20.893027859765972
468,-6.0219340913093395,106.73993019146329,9.00894978259953,81.02173236048255,29.70956852780281
469,-6.142312450536741,106.5200282817616,145.25323868400594,84.35497728469814,13.330270897601475
470,-5.995775808372289,106.67988494051384,36.61190082547722,89.48391964156008,18.555325451994584
471,-6.223793906557395,106.56274784610653,184.52772923860934,50.89712501171554,26.10327960600737
472,-6.057029909661339,106.53788493823782,107.90454523764129,70.90318663653522,29.986027513119968
473,-5.99291439955351,106.62667391220293,60.66377069845316,70.54553462834456,16.75107797400862
474,-5.991570669850609,106.62935641633923,59.74175496537396,80.82825879579308,21.72649722582443
475,-6.015449948981925,106.57892312740786,82.37359722349032,74.83354820206695,15.026707214113683
476,-6.181272649794567,106.53032245306105,162.44550294897738,69.75397977953675,26.922341030639384
477,-5.992659897910202,106.63347895552873,57.45762415846764,95.10400013318748,22.598308976062462
478,-6.074443190873551,106.77738286082388,340.55703933582004,73.167575548468,16.93208779164125
479,-6.080674097509065,106.78466315331114,338.6893490065795,59.88671271426125,13.68885869758894
480,-5.996820465328905,106.6932430898918,31.7926718060923,65.54041095698659,28.34981560003559
481,-6.255924160595524,106.68589763963998,241.14547112119453,77.38066223311222,18.055779491078393
482,-6.080562312699721,106.52911287044665,117.73220658726098,77.75609293595255,25.07790071371035
483,-6.257007835517722,106.69268222975059,244.8821480588333,57.140574856189296,20.71619186587578
484,-6.1278531990890714,106.51809357280924,139.49592602745489,55.253139691737005,29.23612852311594
485,-6.0703535285996635,106.53439713357542,112.42156872337819,59.62293723180082,15.143545124558116
486,-6.257562165716779,106.63748769566462,219.7533180899598,93.93935867822051,14.783124548413626
487,-6.155848427789434,106.52518355423743,150.2524423837001,93.79999275257587,29.672911607276866
488,-6.14011188386676,106.78715973941414,311.66901265755047,90.88524496095042,13.53603334214453
489,-6.164271795043336,106.7837541923524,301.7395467507065,92.2388289930762,29.71587999977553
490,-6.096208422246118,106.52222397784591,125.77448545279185,99.2993105453115,29.48765424249541
491,-6.104912830566999,106.78901080405794,327.7563810449454,50.58537050980553,27.33213458340238
492,-6.037678824882491,106.55625744462633,95.29725918448969,72.57749907544309,28.911231347680378
493,-6.261438000293947,106.63555259995869,220.73341576788616,93.48166714652788,13.579114989723202
494,-6.255871553601696,106.61282070416736,210.76399951731815,51.07294177318485,19.290481492295875
495,-6.250672069913116,106.60804744703086,206.83388585009445,94.75051490174647,13.092011048865391
496,-6.035433958031879,106.55553991699051,95.58798257692195,80.00637181559219,29.205784389844567
497,-6.108691535055118,106.78644288525581,325.1401639055074,74.15580891218602,12.574576582870652
498,-6.118544549773081,106.79107439787448,322.1781428858352,53.83709053442001,13.150263805531175
499,-6.256908042593582,106.63210136657875,217.47098414145128,97.73881898177854,27.122429548222556
500,-6.113691252771416,106.52203132373104,132.1498084196479,90.36004277349171,16.599034364571107
501,-6.094164480807427,106.52485587382559,123.87798460566114,66.9746579527121,15.946189629804707
502,-6.233870310388705,106.73792946979916,266.3900231339379,99.94920573853133,29.163459584385418
503,-5.995688826085237,106.68525519757343,34.83676947119909,87.69602784081704,18.59352877799755
504,-6.217295163060535,106.75477381077206,276.1097436095229,58.040185826231856,10.125001467777041
505,-6.151836312728947,106.52394573214052,148.60250520287465,99.1543765330311,27.84443131579081
506,-6.131309254249883,106.79161014042772,316.9728478326309,93.05368930829013,13.76302581563543
507,-6.2592158983718145,106.64925979306487,225.1388022951608,81.56144460177975,10.46191249146841
508,-6.001278811380022,106.70526321015835,26.263160533653036,93.25336153811196,24.052709887799644
509,-6.125570622759109,106.51811355554598,138.52931470250104,69.45297101250684,10.241136525072719
510,-6.183897873404912,106.53408726650298,163.24266653430038,99.95985423713921,10.84825034259625
511,-6.1714550061043365,106.78062014149268,298.11444698603896,61.49165250577384,28.4229681529164
512,-6.121552496087655,106.79145185999079,320.9982430050124,94.28842896067997,25.06924268557956
513,-6.107135520100823,106.7900173746594,327.01366082084843,96.66840855160635,13.447538907735119
514,-6.008046535064658,106.59118144049741,76.24889869292679,71.12310001627719,13.674170691645273
515,-6.230034582917977,106.56557292590666,188.21770407449566,95.04588535513679,16.757720603030506
516,-5.992462175668993,106.63564153492597,56.49247033250026,70.78129196428574,13.137443814255548
517,-6.036826558355302,106.55395856029669,96.57000516295022,85.36493722254767,11.965585941440706
518,-6.12430173898568,106.78915456007647,318.97858198541206,57.656937703637226,10.529093731334246
519,-5.991360809672594,106.63819864898471,55.64322780337966,76.09050472756374,27.80826917546821
520,-6.260782143076852,106.64663470870872,224.70831805416952,52.24589662071685,19.859477955117253
521,-5.994467476668518,106.67282890982078,39.75687355381035,52.01665572986256,23.867102865878543
522,-6.233335272912367,106.57488638404166,190.9479328518818,84.52442303252396,17.360202936581917
523,-6.2080593701050635,106.54922922085898,175.41386639074037,93.1618795787507,14.766515400626105
524,-6.0759276665083775,106.77999654617462,340.256832756198,77.57860669741817,21.38724865784713
525,-6.064502653641986,106.77259315985955,345.2746562850675,61.37754345079819,13.695494469588176
526,-6.256614800565503,106.62154225643593,213.75979211251243,80.3226754379642,13.542247494612084
527,-6.035166458172754,106.55616796820375,95.21530816958824,53.25507268020727,28.411069002823407
528,-5.991140804213548,106.64826277061954,51.1658479294091,94.20976130222962,17.565776292821567
529,-6.000722694258835,106.60122610449619,71.92319274786627,69.42852437766447,12.30306689744214
530,-6.159244674778322,106.52399858188788,152.30277348946254,90.35328742368196,29.620713250924315
531,-6.083601907665615,106.78149262995937,336.48599218096365,71.56399598166394,14.315458961146108
532,-6.261175668394928,106.68167805774824,240.50886943590737,91.45871599175064,28.364765381508835
533,-6.219647112070021,106.75169413043052,274.2419319641652,89.2254526525137,20.265637463275276
534,-6.03651188535815,106.7552622858115,0.03246613829719536,97.83827034100976,24.197688029018725
535,-6.124812988223439,106.79271318337703,320.0534789592551,71.44970940358903,15.77915805571876
536,-6.171097651692783,106.78183070558055,298.8234533967319,50.16028701772666,26.105016232343058
537,-6.114300057981848,106.7923623776727,324.4784970797222,93.93685925946092,10.383001397208492
538,-6.248611129483297,106.59900521929755,203.52042659328276,50.48072892917261,10.020658880617665
539,-6.1664585759171455,106.52360306851011,156.0476814246502,93.61632575111005,28.13247479740873
540,-6.189791493405202,106.53727891641763,166.0488573241821,96.00396040156886,11.722267408300151
541,-6.141004707117604,106.79037616599369,312.6860312318196,93.43838213014124,20.33911975326563
542,-5.991940699290904,106.63164177660643,58.54691632001129,88.59316355022524,13.343532948799687
543,-6.211219949337143,106.76075645342577,279.93548880227917,64.94360397683909,21.177548082945496
544,-6.251252309752363,106.7080613573511,251.7192479701584,84.12928864006565,17.280079366438695
545,-6.073053415841081,106.77933897633363,341.6735912020369,83.56774218196465,25.764636920445156
546,-6.006456750021972,106.72181848429268,19.95749129581202,81.2871724553827,29.198209825682845
547,-6.009542383482236,106.5914036477683,75.91551195885279,64.05429538149963,19.51928611078563
548,-6.023330687303106,106.74421341687112,7.87597028332533,76.32081794931328,26.578945966499706
549,-6.204949657290357,106.76156728375366,281.04977394526037,93.85956672263497,22.387949507398872
550,-6.163552169014455,106.78775746276813,303.8382139869186,52.67147863756327,26.01895503999354
551,-6.059180915798649,106.53729762444982,108.59942941069642,92.99757308997667,22.16258814098729
552,-6.253749388924868,106.69544163504969,245.53074132680635,90.83182371988298,11.563273920318908
553,-6.067538951181539,106.5353198712149,111.30755659404599,76.29248689244642,29.32512669613484
554,-6.025540790555337,106.56239810523756,91.38833464620689,59.175811871810154,14.53963518057625
555,-6.094543030137617,106.52457272262663,124.13567066675176,89.87199021950289,13.99789098730177
556,-6.065942905636105,106.53508813988026,111.09817344494434,91.57596473279438,19.808291052879873
557,-6.1603344036753995,106.52436195891588,152.75887239470114,56.346944147389834,20.07280497497343
558,-6.179679260311251,106.78036888794375,295.8681358366262,86.77654070168208,12.856384622555105
559,-5.995239047290775,106.63350800298498,56.63662382082896,67.46601598098057,17.043543468867483
560,-5.9934557882211505,106.65111051410551,49.05678636838684,73.13327209957887,20.7422923422876
561,-6.101043640861157,106.78681650363701,328.9705717645643,88.90857271904575,11.637673125310869
562,-6.263305644058444,106.64884785007304,226.59059709527003,76.93412016983805,17.286068610581808
563,-6.234811967315385,106.57403347083907,191.68309224263376,83.94352290241136,26.953272232488672
564,-5.996562019744023,106.69034838875547,32.79733089634459,60.107712808921654,21.69783261283309
565,-6.2232047287597725,106.75266876667861,274.63208274055904,96.83999170568484,19.486960249968696
566,-6.050245383510516,106.76709669073689,352.6931702851764,89.84777124065712,11.83066002938161
567,-6.1934854284879535,106.53681515500111,168.16821315411002,96.60935410559547,22.008632890183787
568,-6.252671950336496,106.60811326536128,207.8796349340509,54.41786339020114,12.589061661400457
569,-5.994645020129802,106.66989830164626,40.78583089253607,93.95953439635593,18.086997647315876
570,-6.011491349676887,106.5803507788388,81.88176956791636,60.96601352870223,28.378476709669027
571,-6.105035736224808,106.51991952430527,129.82400392636657,93.77052922488701,17.32311400015943
572,-6.222901536044868,106.56214824248008,183.98800351828476,68.01333705111423,10.846797030239868
573,-6.262338521400873,106.64534849295778,224.82096736365662,56.28027783329002,21.40559120752349
574,-6.10522521714087,106.52295464688122,128.5535959327924,59.2861849146335,29.97259217084794
575,-6.089454566766462,106.78251239474046,333.65328377949766,62.4980031472051,16.12473849330555
576,-6.0716475595887704,106.53212617586888,113.92871997023565,99.36274784158829,22.620125141992062
577,-6.233388579622944,106.73262476468305,263.32588573896345,98.48626264843472,18.331140839341966
578,-6.15113881330443,106.79007190218579,308.89234833496744,50.06516583137389,14.146172928626426
579,-6.046944745781887,106.76333042458447,354.3116765129386,96.28151161674646,10.443640909350746
580,-6.193867199807802,106.53774738588265,168.27204399377726,85.10725810575055,14.069042083659514
581,-6.257968936033164,106.62907840462425,216.89931932435,68.79641139030208,12.558529095338532
582,-6.160951624366973,106.78489913022692,303.3117844264774,73.42761175995759,16.057386619331695
583,-6.256739339157231,106.61368736774193,211.4290287944862,54.83119169654606,15.506032678334973
584,-6.215665499178994,106.75644920981937,277.1591763664943,86.63519700531157,27.5110511768767
585,-6.2608687578804325,106.64850024597693,225.49845883123334,62.67574397475299,19.215600998950965
586,-5.998731117878436,106.61673664892596,64.14960461316514,81.50377298702483,22.22504651232508
587,-6.04210642422061,106.55202887056357,98.06409813143279,71.94313014513962,21.132865831947537
588,-6.123825298205354,106.51817653780742,137.78170145354733,77.9158567748458,27.376001486694108
589,-6.157901247560398,106.52223535850749,152.09594460046904,68.42361768301623,27.372721158917756
590,-6.248817609576993,106.70910166952861,251.84858797626765,64.31089104980502,26.978951962748617
591,-6.141053160203335,106.51760215450496,145.44415676667907,88.48219083979798,16.83411313623307
592,-5.996581732303768,106.61213894319114,67.03930001495985,83.46231798196757,28.973883755483136
593,-6.1890945163713065,106.53697809284245,165.69886671981325,92.99622910697961,17.534694673235194
594,-5.994073746830196,106.65536344917253,46.958709480842,79.52457292360472,22.825902671255463
595,-6.01684093720969,106.57853099002246,82.49220948087782,73.1926540946872,16.94307742838258
596,-6.019476469959301,106.57422932055584,84.79949867793482,91.45892961388887,20.89454330527842
597,-6.243313163801261,106.59289270902768,199.34927823223902,79.23724301277107,18.59401865921445
598,-6.163363196055243,106.5221114962858,154.83716092283765,55.8962895332358,18.68855077373118
599,-5.998304479797888,106.688027546242,32.67510812130291,89.49124917907295,22.956246181320175
600,-6.057439991055708,106.77037064654733,348.96169236614395,63.51352047779586,12.857729882468135
601,-6.19845632748777,106.54009400529716,170.58630143629742,81.14199917214711,26.322412148054696
602,-6.0076018540792075,106.58592541846653,79.19217838876568,88.00154536568917,29.60852910276461
603,-6.196572582591988,106.54075973291947,169.45979603723305,91.07654886065973,13.995073288015089
604,-6.258156823820417,106.67865294574628,238.1748166074944,70.48643127240737,23.345185715730576
605,-5.996735022266707,106.69109746553549,32.48336937890565,64.41325383976124,13.191426954282925
606,-6.252244913182491,106.70861149770187,252.18325558913375,69.85698452017115,14.892290610067695
607,-6.204149960135448,106.54220793533496,173.58536885101938,61.50861931893013,13.097048132338836
608,-6.2602303381233595,106.63856574396542,221.3354571131875,82.99453633743715,24.495036967477173
609,-6.2447417837838355,106.58942563488937,199.46240600050083,87.21587091793181,16.06824309936289
610,-6.158336542379202,106.52385025863637,151.88444317407829,94.73630594707355,28.671255072897022
611,-6.1278882308810765,106.51867933999668,139.29776577128996,76.34003987401968,11.007043937724097
612,-6.0485815594939965,106.76677839727766,353.5975517458269,95.22299870227317,28.225944117973107
613,-6.04622813284542,106.54480316427284,102.5608036256815,98.13892537386019,25.943754173401718
614,-6.022539406013174,106.56952328184619,87.3824136371993,72.26012585647771,25.497468861860458
615,-6.252764591329942,106.70617617645017,250.98931781817703,82.53366017446527,10.381362826543995
616,-6.074107750550219,106.78167718845675,341.5272082019238,66.33602205544463,25.555196274635616
617,-6.100226483573743,106.51960053880882,128.28348634277256,69.48999559893767,13.183912586197192
618,-5.993925020844359,106.67007893024416,41.03461309230204,66.95992201270535,22.35142512998941
619,-6.263674207764835,106.65600045191655,229.6714438011149,53.749329569278764,13.802471620553273
620,-6.2596569748179505,106.6233142807831,215.7387315497203,60.77347689620016,17.12670327263232
621,-6.031412272970401,106.74926067417368,3.044660563993716,61.81279462867728,23.34782869345606
622,-5.99711641652737,106.61090437939178,67.55881100380145,97.63227179814655,11.82259379926115
623,-6.18450615623891,106.53135391608463,164.01278922720218,51.8261774227382,14.990232119799405
624,-6.073084134989611,106.77823125341412,341.4580394047636,71.99163645093888,16.732660079360176
625,-6.216039515011566,106.7572407838696,277.57398149920607,83.27805495626464,12.362729717731257
626,-6.159653241640955,106.78534479788432,303.93354551423676,92.42763282258149,14.939349729453948
627,-6.212482748115653,106.54731080479372,177.9708953550644,95.81071525227301,14.679473769693736
628,-6.13778584759268,106.51727292671434,144.0864912272818,96.46300325660525,25.06656497609452
629,-5.9931636020270584,106.64847172595367,50.339549978915784,86.32403630824447,27.06067843744561
630,-6.055914702110144,106.53920644949646,107.00453459060293,77.74998410912806,27.801647746453494
631,-6.040822961319323,106.54681950183586,100.85656093672844,59.2205595372248,20.65703490653889
632,-6.0335659363168785,106.55985519124498,93.01475195108696,53.619859877443695,12.363397212132591
633,-5.99725700067957,106.6984124764754,30.08595472935025,76.44698315342242,24.19407011747263
634,-6.25904039403536,106.65291070915522,226.6025754092303,86.7219399371948,27.713806893444275
635,-6.21821220253444,106.75592050546291,276.6923895693113,80.18207683533961,21.116630228206738
636,-6.11948284705553,106.51740768589674,136.3114833933264,58.90256944118839,10.29721880411742
637,-5.990664989412743,106.66864513917092,42.96019408983352,65.586700674334,11.240824373986968
638,-6.067310161387449,106.53411555993354,111.90672214715477,81.0212032500273,21.006822368326706
639,-6.257196559136694,106.67707887694041,237.10233557617528,69.575759121337,15.716807149842014
640,-6.260767368746598,106.66201050963429,231.23509076813914,91.37344996808375,18.171788399864404
641,-6.210677194689777,106.76074972401237,279.9846825225506,53.53059365565853,20.677873559268406
642,-6.084988499824148,106.78209353075003,335.89387359230597,97.71806787228377,12.602190921759608
643,-6.029989619929317,106.55955543471761,93.07765796365544,89.08239989046538,16.91790250734035
644,-6.119553299894536,106.51928267210427,135.61333892644814,80.03180988710716,22.28768866240505
645,-6.151463271601268,106.52050434625237,149.42956937016766,51.640749432652086,27.83707668822087
646,-6.128449795700032,106.78916479527311,317.21478531715337,92.08495331642345,27.338263215908793
647,-6.111587913067691,106.52141380806762,131.6034004940983,63.36113652912932,18.51697130985855
648,-6.0252644379246245,106.56539024441756,89.70395897850693,56.73535479472071,18.13982095031819
649,-5.993863600685382,106.64558362163991,51.388453536388226,77.22641470190864,25.147972354572104
650,-6.232240561244845,106.56913775075179,189.74482468923514,95.81054143238123,27.637516929837734
651,-5.993880729062922,106.68784769803425,34.83850314986222,95.14132006543596,14.72227161633121
652,-6.168224957538243,106.52423340032216,156.80439810371354,73.4129086815674,12.3982513628474
653,-5.999354072470406,106.70073545679337,28.416503794768175,94.38010092945022,29.008374685537
654,-5.9913825929606865,106.6494596808876,50.55342393689995,96.74763420929875,24.824641471808867
655,-6.004106992139455,106.71149655422843,23.313010258713064,93.05484070575193,18.496231908250362
656,-6.056770644291427,106.77298633168573,349.60401811555766,74.28678260235486,10.923552458277658
657,-6.034607940651258,106.75020949163088,1.16505804701967,67.96502092832033,24.371043720562813
658,-6.0855910574327075,106.78446056701169,336.1280645747145,62.5752783476356,19.975497629405382
659,-6.001925297982769,106.70488954701989,26.025490592002427,58.80177673587658,15.008303086537955
660,-6.222533854479017,106.56099142592362,183.7316670532958,91.99448895999163,11.58820070934211
661,-6.016278088703371,106.57415139515832,85.00487249020318,71.08528648951224,13.843100623586436
662,-6.078264541621903,106.53075867155373,116.27263179749639,80.79117767968678,23.051055314633533
663,-6.028392107828343,106.75029575549327,4.7078965420432155,72.36336178304782,28.369385218889533
664,-6.203143489727198,106.54111418114194,173.10132060511592,90.54722256108869,13.873831284610956
665,-5.992227026284186,106.65190382737114,49.17526931320248,71.66238212975705,24.65496829798225
666,-6.259241295543656,106.68123542250788,239.7574086420437,77.19929977141973,26.937235914295275
667,-6.205846441730497,106.54216174203418,174.51968877418025,57.80723873163836,23.644969477494158
668,-6.141292940229398,106.78902521237886,312.01512227912053,86.87107475789153,25.13695902628836
669,-6.177037050055024,106.78216445313413,297.41693268339725,72.65250552839416,25.1527981902381
670,-6.005205113996343,106.60048566525728,71.52187586358411,97.66771012790414,29.26321010610185
671,-6.029202778655772,106.74570010058426,4.4572762779914115,60.49523044610251,11.506947592374283
672,-6.098661917572663,106.7853897966501,329.73154461479373,97.86035063644638,13.319792676123722
673,-6.1941012285983525,106.77002446807307,287.3830626928127,84.1244986172674,23.697667350869512
674,-5.9939516548974465,106.62261502180439,62.38071334376127,72.242000168269,17.43760757905985
675,-6.218782710039378,106.75659150647016,277.0232666092867,65.72132599770606,22.44732761074573
676,-6.02790387721909,106.56482984467831,90.02270442926562,72.19992859340974,26.68596584588778
677,-6.034553115336247,106.55205573792024,97.47069515171279,56.24533383550006,19.013893883412855
678,-6.093858626411503,106.52535518795874,123.53889216905912,87.64928118907224,26.398591191194946
679,-6.163156932399731,106.78454112015369,302.45807224207033,65.74779845775528,28.299182096483737
680,-6.255029361807627,106.69961088405627,247.99716764021048,89.8337682850683,16.549563033483693
681,-6.057521598867604,106.53929432479481,107.22610069206866,96.7619253677261,19.334066502243154
682,-6.219667812400306,106.75238768040035,274.635186149892,74.36303560861595,26.701401462500563
683,-6.255757973365573,106.70063231148167,248.6740924775828,51.71912541240449,25.33898730136918
684,-6.220069244432918,106.55657669826743,182.20132253676655,54.465895029570135,16.844653869755412
685,-6.038859017184555,106.55103317196239,98.3635867176792,79.05549438493748,20.015978500380026
686,-6.001621148832025,106.60613141239216,69.13187910023777,70.66345747617612,13.105091218835197
687,-6.1259872283952825,106.78828929776546,317.92142665798787,64.92081301061357,14.711243997524
688,-6.198119253893569,106.53999249292595,170.40759616266706,69.06704514539477,20.908522532183156
689,-6.180448456856307,106.77654054508979,293.7052688187449,62.57296009836299,24.23566273366093
690,-6.256146273428219,106.69641727498477,246.5908122259879,85.48394654885035,14.595261684000995
691,-6.060176774913495,106.53849442203186,108.12898429981692,62.550711074241065,28.26612462717707
692,-6.243985001091727,106.72327598669365,258.9558744451232,65.29767758520326,12.23910375893065
693,-5.990645942032543,106.64798229268754,51.463557265259396,73.39667873670462,28.526522930656817
694,-6.251848720411227,106.70545620682266,250.4374385435276,82.30530644183938,29.68848194553238
695,-6.1167512922715455,106.51977700501041,134.29630887697488,94.11323180591467,24.7847818584675
696,-6.244981859602986,106.72333744767339,259.0951883436168,73.31804318318565,15.15495289002827
697,-6.081293805989095,106.52522486337938,119.8588429246206,60.26536938190735,20.877374784617917
698,-6.1459222963788935,106.51802231946203,147.5386392271237,84.9302066816744,25.814809035046252
699,-6.126985196938426,106.78981933737151,318.0832032287672,56.039193409188655,15.653605274613415
700,-6.003282871978335,106.60320215338666,70.38992630343978,70.28274725855653,13.722502491194938
701,-6.258899552170311,106.69049566929519,244.23552463650373,69.9491793301892,13.305546796030727
702,-5.993434077407842,106.67031293376081,41.159811909831774,63.23021054085059,19.343063022838066
703,-6.252314442533083,106.69744098894057,246.25106671624184,90.9280491941943,11.968283982413418
704,-6.052318832623777,106.54045811300816,105.75725719269951,83.95605316382657,28.966923772935765
705,-6.257243060368285,106.68401738587819,240.56659376841435,81.51198358692609,27.293147921872524
706,-6.182958274289667,106.53165865418629,163.12997241337422,79.79289997970275,12.177915590156612
707,-6.033350622919612,106.55938326200729,93.28326654331505,60.158571756215885,14.02081341066861
708,-5.991280808360232,106.66040534339162,45.95834535121185,63.21127937495239,14.41040276708504
709,-6.014610129722329,106.72813407705198,14.506682537755808,57.67224833772054,19.484431857645895
710,-6.259640927160672,106.68365271170688,241.0491604256418,64.94679879623978,23.867588514795166
711,-6.04485950126049,106.54673203883851,101.33755788310214,97.34258701081686,15.672287684237165
712,-6.255924141818843,106.70035338641216,248.5642058425134,89.53022081287871,17.70897315513173
713,-6.043580476608336,106.76226050280913,356.1632939793559,59.10132100718897,29.102896677252033
714,-6.009872354969642,106.58279463377843,80.67805751236813,83.38150035230919,10.76593251226187
715,-6.147487956836797,106.78780039003733,309.19206632492956,99.57103908998518,23.544701893352606
716,-6.2534036449378165,106.60693779409823,207.93436554969827,66.83247377008021,26.317134866865267
717,-6.156848325458508,106.523098593494,151.3423857144222,72.82858297691293,28.81187792234696
718,-6.229310207504129,106.57041248188108,188.20299074267302,88.98117021217377,18.633035313236178
719,-6.085885092139005,106.78568005386546,336.25244837719566,54.20602045634239,10.10050508331064
720,-6.028912170564936,106.5605213594514,92.50311946270335,94.01285381319641,20.766671011545313
721,-6.214484652769625,106.75983803695976,279.1289352951816,97.57206733480686,19.670094655780346
722,-6.23945434334697,106.57950707404414,194.94916377679127,53.17006463322087,14.322544073890768
723,-6.061713529427836,106.53712952545523,109.1577337496733,77.57515328628944,15.046930235124734
724,-6.017161502456651,106.571729783052,86.30860583442393,57.97586495092097,15.405192306457868
725,-5.992350726612838,106.67026875103356,41.64221239967401,68.01800708858804,13.209885843228545
726,-6.011061176431147,106.58521278527675,79.22149646064804,69.96066137610012,26.27133861009722
727,-6.120542615053144,106.7919911757683,321.6206021802533,98.3506539684102,10.80959287655077
728,-6.051796970288992,106.7683667549636,351.92438751501567,72.46390306026825,11.299178929922462
729,-6.061629610069486,106.53307584732772,111.27648840447478,59.78571837015588,24.13900329836242
730,-6.179345262112213,106.52889310182945,161.66593249922823,75.65601815702772,29.194603365961964
731,-6.178870180056331,106.78239057260757,297.06619800197353,89.7202461536443,15.763915276802521
732,-6.228955878178092,106.56323024432037,187.44943199690042,86.8658412232511,15.81251206138364
733,-6.1891334051978655,106.53777151779572,165.606062589954,85.82497983459643,11.01705271732996
734,-6.124967319043279,106.78862042424171,318.48861207947215,62.32414215307929,19.40799780431778
735,-6.138174414577742,106.7872076057961,312.4469175067483,65.81209361829458,18.45077068379007
736,-6.258962407014383,106.67695690864156,237.59513065408157,54.39374624521964,18.281159475997875
737,-6.059558165667909,106.54010716820868,107.12448896011244,62.32139412888262,13.247511664779555
738,-6.228075389911294,106.74636079596846,271.0228777236525,88.57123101438557,11.708402742729241
739,-6.242497660459026,106.72654891489977,260.60823899801426,70.94288579213993,14.775301162312394
740,-6.044716271843559,106.76393432123344,355.59565682326183,96.71367732706878,28.109616772068968
741,-6.152822776471976,106.78509550762037,306.0760272624913,79.2116340149133,25.502044253038747
742,-6.0792334328276745,106.7826576338923,339.0327199647897,80.11899088252835,22.69476649002982
743,-6.1117049250170155,106.79014855969385,324.9421251474119,63.058749402608306,22.27849013708377
744,-6.183058801700381,106.53283596762043,162.98943038952555,74.09479308455829,16.843574226646034
745,-5.989884128395889,106.66398826294142,45.0735311339123,90.8911117394537,14.98714276358573
746,-6.17092343020131,106.5255765870663,157.90026519598288,99.2193463575642,29.33603831917475
747,-6.036816361610917,106.55442172764313,96.30639724383866,52.67190632531768,21.0096488284398
748,-5.995837956747477,106.68772912779039,33.965786377124005,65.44353268225987,23.840069735219267
749,-6.124119263640252,106.51900158615022,137.59235505685314,51.05974990016275,28.606861028655423
750,-5.9920110546320675,106.67607149289167,39.65307362128556,81.24446025381646,21.659094407691022
751,-6.112647206401509,106.51936923085006,132.8678465234147,80.29228647951282,20.273408557456733
752,-6.08520878058441,106.52410896607229,121.49650195897982,83.95485997992097,11.254273333855096
753,-6.1138800516623455,106.78908613021827,323.5962341067811,64.2873355054387,28.273159877574074
754,-6.069682118240998,106.78036688016697,343.6329361104436,74.79418175809992,26.730707538214983
755,-6.052237715923994,106.54261417725255,104.56637798868576,69.89685278924163,18.092756594148263
756,-6.164937646310516,106.78183625420048,300.59013173088863,77.42473574778944,10.898164195871068
757,-6.028203058260806,106.56022130227245,92.65359846402714,64.1021063211842,20.670217399600084
758,-6.090445853129682,106.52626893200976,122.01849150988232,92.4602210332835,28.992898663880933
759,-6.191563728312299,106.77090296505061,288.3198143293907,97.75011781531414,26.209644967026037
760,-5.992141317083911,106.68033736605668,38.10142796002032,80.40381943981748,16.282395203590628
761,-6.19051137744451,106.77520818293627,290.8315776766518,50.7067146075212,10.607540782446938
762,-6.026198322079301,106.74713679802518,6.089106784568514,72.45899116517035,21.054866887704378
763,-6.231938957728993,106.5709889630169,189.75400654654354,50.475666277234104,24.322886559509165
764,-6.072791633618726,106.78014514764534,341.9543386406508,54.11502111268659,15.856328432856293
765,-6.107130319818215,106.78778427335662,326.32373212291805,76.93691983202731,18.767393659175003
766,-6.2042248437251075,106.54721546478234,173.30148592315922,84.55945479236752,11.386295813118128
767,-6.00009713669036,106.69828013006268,28.715499540478334,65.26280775004952,16.12644127002728
768,-6.258438709699919,106.63744819042084,220.13254466452221,78.84143840818129,15.00266419901224
769,-6.201798860247786,106.54060758813473,172.3971412354677,77.41047645245129,17.929193132401682
770,-6.2354915940525375,106.73817822572528,266.58346162283846,68.06213364579153,19.604921388237322
771,-6.235203337785008,106.57569168495141,192.09619363164273,75.74133326913147,12.5995052565598
772,-5.994481331470875,106.6324859446013,57.375203744424596,62.927260236049065,21.020651718274266
773,-5.99421234130647,106.67166896489609,40.30516267108402,64.14241875371586,28.662543167754187
774,-6.1896871811082015,106.53524488506498,166.26995586536825,91.45951582504244,19.133234196276696
775,-5.992712498882582,106.68552649409756,36.11335770837667,88.85892266438546,18.628240391169243
776,-6.057879421804633,106.53791831897145,108.03441662889668,71.36256708234497,26.44019519900532
777,-6.218404209931668,106.7562392557529,276.8555088295825,80.31503745342327,23.61662999300819
778,-6.032624332909547,106.74909949027425,2.3470533292666005,63.294473377391,23.573225748988868
779,-5.990052312432849,106.63729321100429,56.466683820590106,77.27570115090123,20.862048450788503
780,-6.258405936187617,106.6596762946712,229.31327778558233,75.34934350819158,12.184395540711783
781,-6.122087235848866,106.78823116567018,319.5985072434498,69.62367145508377,29.36261854751777
782,-6.122306023621288,106.51700088858306,137.59808182065728,86.50439356649214,18.54233228616352
783,-6.015542157957404,106.57437263039536,84.91823346618241,79.71714255989721,17.027374883097504
784,-5.9951268129451245,106.6262969368049,60.231818156809084,86.43392081159229,23.887214349091508
785,-6.22298722506325,106.56398616328235,184.11359619067247,58.49156263787583,26.84411874268415
786,-6.192037144120488,106.77139381770871,288.5031274041514,88.96627277848609,20.46187142777431
787,-6.0423148847995485,106.7615944270177,356.8504608240743,89.19051224459557,17.52763418923484
788,-5.992700697081859,106.654343710295,47.93982729229043,98.87001462344527,15.53207242780391
789,-6.155950042717519,106.5217876114331,151.25311447522805,65.46515301687586,26.416638854507774
790,-6.158158042849609,106.52198976467585,152.28692009952346,87.43007515685855,10.141348884226407
791,-6.035736912694007,106.55105170266424,98.10472581380071,79.81302877930366,28.66994157572969
792,-6.149880668130202,106.78759285762153,308.2472430529669,60.48937265518852,11.133316920435144
793,-6.023221782445633,106.74241865669853,8.076311369083271,80.22837872637162,13.40938296244188
794,-6.257749989886806,106.67647228717252,236.98075728721813,97.89766953434412,27.15993144497781
795,-6.048646039998181,106.76846620200351,353.6656503027545,73.80975933873981,20.12288917776472
796,-6.250529193105826,106.71146696785696,253.41796389043574,55.06646961533544,26.848792304169436
797,-6.249580746146952,106.71549621883463,255.42869324024122,83.70220202765861,22.963632461112965
798,-6.244953742946008,106.59052569063103,199.78606319915042,73.97111416379772,15.747381557590314
799,-6.023621813952619,106.56798238173916,88.24126773349582,51.052210531303594,19.502455688531594
800,-6.195903405690159,106.77092222347459,287.5633062053914,87.83528248101095,19.28196668591888
801,-6.016974703950998,106.73400259918002,12.407074947417527,63.93625425470522,20.200092338994196
802,-6.1193225208542215,106.5184274553709,135.8554834203266,86.84668098958623,26.73815198125299
803,-6.245772742560722,106.71581272454962,255.05479146219903,63.424154167749094,19.3341578338434
804,-6.211356458840593,106.54669462711828,177.36547876057094,72.85412812557391,20.20683976603202
805,-6.257766003015035,106.61682895544679,212.84209903864354,59.59724222741011,24.005873253947552
806,-6.254330897082873,106.69424197147737,245.04156513172433,70.34552101472389,19.973569696601164
807,-6.060572845121271,106.77541239324265,347.81041059978395,88.1037453089977,13.664014080386151
808,-6.21791402343059,106.55887185828993,180.99796261644664,79.22774086268393,27.05867085288051
809,-6.085215631937499,106.7854196026261,336.53418511514855,97.7994938198508,16.87299515519988
810,-6.026059643529835,106.74611221414312,6.228093860112608,57.94645443244706,18.92987695046355
811,-6.256104263221002,106.62483387576536,214.58476771255036,92.17827665823282,19.620720221233007
812,-6.241023486363959,106.72305038105891,258.4996268237701,88.7333863126097,22.274196969125242
813,-6.001798092689504,106.70106070625808,27.083464859603396,78.75539027877521,21.979974968550202
814,-6.149379382497259,106.52194833210021,148.00237975681617,67.81170344452052,19.9883405843213
815,-6.235196837831986,106.73900701096123,267.0298628110154,70.13004806913281,27.458059879451106
816,-6.0403989008068315,106.75845510758873,357.85107971697846,51.17715355145679,25.27305392521211
817,-6.094685281190697,106.78786960303718,332.38420987263515,67.94169761239327,23.8269078742118
818,-5.993251314986143,106.66376971587928,43.795800569372545,60.762862546857086,19.036388309790553
819,-6.18192892308624,106.53284625054513,162.36737548282852,81.13434063178933,29.593371569066807
820,-6.137110801436068,106.79221244721968,314.90765163535445,73.97126182300376,28.630489835168245
821,-6.204003088584195,106.54104047668099,173.57684056927042,94.39352083600193,26.44263188834032
822,-6.143810554253123,106.51969862572307,146.05307517109597,83.54911963281174,15.300964650883135
823,-6.140564031178775,106.78701179962744,311.42953091029847,57.35218696259586,18.24501476539764
824,-6.068238889172295,106.5325765084569,112.92004755928122,99.23988145089515,10.057692972001073
825,-6.198783472285892,106.76842669864878,285.73742489968316,74.92194407734996,10.374165653957355
826,-6.2191403235361875,106.75020822401018,273.40519233635723,62.58313740092185,17.248572943936132
827,-6.2561174300524725,106.6170718556009,212.1339900758709,94.63928209285169,20.897870868858334
828,-6.167914741350063,106.78256898308597,300.0855812922436,55.98848340648108,19.35474687916635
829,-5.994268297050737,106.62263125185885,62.29029978730142,71.32955687260207,18.891080914956575
830,-6.234559009605966,106.73883803673267,266.9182236847339,53.54393913410031,19.40531046243665
831,-5.990680853703758,106.63567016233141,57.025797699978284,67.29217850734571,10.986270783311202
832,-6.0212785896315655,106.56846216055416,88.01284074217352,92.34364408700202,12.063203992886935
833,-5.995022036809627,106.61490987837998,65.97527455664112,70.06732232671528,19.7035633770652
834,-6.191292866327349,106.77293664204967,289.4783412050465,78.68752438715202,13.835605055544187
835,-6.258000817599796,106.64233852927205,221.8205737808054,96.34097534064203,12.702229837738848
836,-6.173628763360858,106.53025793391214,158.3365958748555,54.41621328801097,21.01179354475856
837,-6.2529167294786046,106.6955906274683,245.408535418836,96.30030409113468,25.249541593781572
838,-6.090214200572872,106.78787851316585,334.59001221530025,97.76722235960057,24.24436050084811
839,-6.011424193380403,106.72620324271854,16.55767937467516,80.25947123498753,28.55917946646162
840,-6.249079188575477,106.59503603210968,202.87906519994945,73.99111194295033,19.854625145058414
841,-6.250628854280317,106.70621915095354,250.6154066695083,69.16861019641057,25.249055648333016
842,-6.0083383515788995,106.58959481085934,77.0932590804963,69.06419014312151,11.135256012427936
843,-6.240115701065386,106.73120495864964,262.97899314351474,68.68716034433041,17.061690747687642
844,-6.202479414720813,106.5400310539999,172.81111312610807,65.68864917193929,17.70010951409593
845,-6.013295376146505,106.58591382858239,78.57286652094928,72.85909894809654,22.498250204032765
846,-6.019721599160989,106.57191334062897,86.11113611623682,72.72019293980306,26.65170477684405
847,-6.062429447732119,106.53333995614604,111.30087801953232,98.02270001619735,17.329694688872323
848,-6.263099566234519,106.65345089099935,228.3962339126689,65.06974666591427,26.110807697333595
849,-5.9950871098664855,106.6823911723177,36.0728991032297,57.94457119454026,16.815410025160197
850,-6.1449779843174674,106.52274319441267,145.6285700251439,85.15407895995313,28.730920221154285
851,-6.103896688322027,106.78653561755132,327.4902910090284,65.44440240705443,12.488180477349225
852,-6.0189875267117605,106.73390546414558,11.287881753059139,55.91450150864811,21.005437229149226
853,-6.168993354186638,106.52735242755503,156.50532339341441,88.73502775530008,26.335706393827884
854,-6.000447902892748,106.70152681057273,27.653574955484657,56.9130105539732,14.030388245739879
855,-6.261814385107644,106.66641113815975,233.57335725545985,78.9954539542115,28.33390017181856
856,-6.032957330472112,106.55490620851245,95.80490952197715,74.79840184783573,14.348800691246872
857,-6.09418310979456,106.52166697605827,125.36958300894275,69.04017784058526,25.910860382054345
858,-6.23522907217387,106.57599473986853,192.14709753778916,52.77008961879204,20.504939378431786
859,-6.257744432475237,106.62477584746078,215.34117149090406,69.71252393513544,17.835171347114013
860,-6.088785416996002,106.78222566987748,333.9300242806103,81.91943922614558,16.37483018755757
861,-6.20661310903441,106.54495337792862,174.7991496860349,89.66259023179708,27.57834490388969
862,-6.142891738233169,106.78843629309992,311.1607239270657,96.32176050152508,10.144886363477623
863,-6.082508095250402,106.52702711124894,119.31623729309251,84.44159790068974,25.091258421910002
864,-6.243368599672372,106.7255554955908,260.14424389813206,52.26386657318541,15.415069462825365
865,-6.211831028901003,106.54746124152469,177.6086667735562,52.18140723048488,25.870139747612136
866,-6.2516393441919345,106.6088688369014,207.55528154063745,93.92354757926657,11.195440736053774
867,-6.239793184957916,106.72459179191235,259.24106179220973,86.46685102393536,29.112825848557556
868,-6.197761397551423,106.54241045878925,169.96790713883485,69.94323906492481,28.975795525531105
869,-6.145742649299863,106.52107231857696,146.52984994291458,98.35478916317466,20.377921790936988
870,-6.239846576956284,106.5774462566038,194.8649323565994,56.50958653139704,29.00912415892151
871,-5.994664974219771,106.6194158875762,63.79421143700256,60.1946407207699,22.230697627909947
872,-6.2170003357277555,106.75259458913105,274.88076544757115,56.07883528897615,22.639109252156814
873,-6.224529229093803,106.56493129431333,185.05894181358377,94.07484882656402,23.32541185459447
874,-6.112132983852599,106.78797682837708,324.02839755339875,75.70147345198387,20.86421515728548
875,-5.995413553023849,106.6787559276619,37.17629429435493,71.91521890819224,21.814443303744056
876,-6.249654563413844,106.70705488181426,250.88423494873078,57.43439199535288,27.505420795953125
877,-6.089595074678862,106.52435534324614,122.68406872055186,82.63042331315009,28.959278502442793
878,-5.994421016579153,106.66790920431947,41.6543779796628,85.15918071382478,12.466569164602463
879,-5.995224086343989,106.6730361621542,39.337864965544554,79.08474349296038,22.035447520032314
880,-6.181094765896715,106.77628124895936,293.4167097883905,98.53391039952726,29.426248377195087
881,-6.045478488834094,106.54947449409819,99.85003891876272,79.43962325047093,26.933877552031902
882,-6.012992935867263,106.5799286093178,81.99764730004426,56.958814382101174,16.40453366038054
883,-6.162631768318119,106.52577609132146,153.56897648324897,77.43467872363007,11.703494967741808
884,-6.098574143635092,106.52369968257675,125.88170606054842,51.9630513842921,22.121669090325696
885,-6.234774188168116,106.73682393312102,265.80527648794697,75.15784678698512,20.757361000785203
886,-6.0898457623484825,106.78289351792077,333.5478337499301,67.71276504741613,15.80510220858615
887,-6.062629303588622,106.77609640300143,346.78654170754925,58.83122142487001,25.02841292319322
888,-6.2549636827003,106.7032853841582,249.8874936951771,72.1199857312293,22.08200625890843
889,-6.110840895810921,106.51853989267525,132.5249523733308,87.46247352151995,25.66347067611334
890,-6.010623462666315,106.58415820123014,79.85535997653625,68.3414954147622,14.0444295577242
891,-6.253994616646008,106.69589368683556,245.82674051717385,79.88695603864225,23.908257939069266
892,-5.998051777642696,106.61647396992547,64.45759627948473,61.624906789551126,29.477064241801965
893,-6.244742345123252,106.58557730073379,198.75667136519556,57.5328194274948,28.50396003884942
894,-5.995451239116342,106.68183548314853,36.09192021161704,90.3876422472546,15.664517788784533
895,-6.020011395224653,106.57172181472005,86.20877995682321,64.59935880499816,20.85101069145511
896,-6.064796987724298,106.77529943261787,345.50304181066446,66.74562654286706,17.51778683157468
897,-6.241344932156701,106.58429833395581,196.71999497266125,92.9094112264408,13.535649112005384
898,-6.10052416285573,106.51954972190313,128.40689995743423,88.7403452801415,14.464168988371608
899,-6.256098907651347,106.69549184547901,246.10528284617595,66.44594656017821,28.970127165805916
900,-6.006305849716085,106.59388123069985,74.99883179205369,91.98674475664046,28.004479795346192
901,-6.237501555339708,106.57451465356856,193.21363567657215,99.77043802048905,27.64770926113749
902,-6.125886679135993,106.51748188808132,138.8921859815872,57.852306784648775,18.364924885106962
903,-6.18012085725217,106.77755827901885,294.32038686636463,66.9171628749063,14.096907024057524
904,-6.012923318422188,106.72368321283967,16.138005431202544,71.68464276217153,26.745000591121464
905,-6.256920200627527,106.62324544604935,214.452896435441,58.46559246924141,23.966467163870206
906,-6.007645752855595,106.58619800503061,79.03966906651783,88.19765682369251,24.124079270468947
907,-5.990836409588572,106.6334673282576,58.00716342452813,86.1301160750052,13.971832208179597
908,-6.249436786711485,106.70791965906497,251.31513596235692,72.96933852072914,14.337316125208888
909,-6.097169862046401,106.52219488627189,126.10528662926345,57.059753421516476,14.60942182792477
910,-6.098520269084436,106.52372597011264,125.85120648952329,57.914651927894,15.676540678565956
911,-6.257787308175898,106.67366523547695,235.62746930217145,72.92398057542405,10.374492071086918
912,-6.16197827310886,106.52347138420046,153.81683637740744,82.1042493569133,24.681603672642005
913,-6.260609746947077,106.64544448356453,224.16147775973184,52.96876103077408,29.241527619027597
914,-6.221871796772395,106.56179873437537,183.37844939259674,80.4637896352105,11.389173038309986
915,-5.9920628821474695,106.63930728044592,54.90395727442052,72.66077388243977,13.362939816342482
916,-6.230159206931899,106.74480419982437,270.1506241586907,99.8694803161187,10.02907598583075
917,-5.9915553960801855,106.67954997493963,38.627278264628785,64.25675126481407,11.119084761671871
918,-6.176113572553312,106.78033697656986,296.74094915746537,52.76552302127173,14.673187986154472
919,-6.221819872658053,106.55695212496536,183.19083598402872,94.50184356702871,18.0597581302206
920,-6.254608942760665,106.61804498341506,211.69378114806952,73.21714763898997,29.66275519283226
921,-6.190562704639155,106.77201951660172,289.1200444682944,66.51800359363726,26.32534737018708
922,-6.178476780300165,106.77857708573127,295.2476056619664,53.56302330844016,12.378369985537145
923,-6.158872420997357,106.52218887675846,152.58883455388738,68.22692077942942,10.54530560668772
924,-6.115079483365659,106.5180623027005,134.3293618010366,74.40982696706365,16.777548059405078
925,-6.055247190407007,106.76772084691072,349.92269910845494,91.84384818023409,16.625250360275444
926,-6.078728060864968,106.527216697413,118.19604731136923,78.77752477658377,28.235733793167817
927,-6.251941822078184,106.60563301328393,206.85848442855337,63.64560532015102,26.451952935242797
928,-6.221719160268592,106.75391433236223,275.38492182112594,96.01359504261768,26.011288752930405
929,-6.25122301602405,106.7054890526531,250.33567359099376,67.07608492063778,17.13269382094813
930,-6.0024045746247205,106.71001735180559,24.533879505137236,52.06267205975531,27.35620606415731
931,-6.246011662494619,106.59306809375346,200.8566562521221,88.16706931511854,14.797044484414602
932,-6.262390455493098,106.65493826924691,228.75716145876598,69.62082614995576,12.813596891832006
933,-5.993011544423768,106.62188740934346,62.979166135579874,56.537170353123365,17.54880903783003
934,-6.079401221554395,106.52939691109334,117.27655277671539,92.48905672472021,24.979404952074955
935,-5.993619028921728,106.65092014994265,49.07834900433596,74.76185285130917,17.55561366002988
936,-6.008463141642112,106.58599115851399,79.06624939248701,76.80174167245832,28.719749943533518
937,-6.2164184106804585,106.75480273603108,276.17953745672764,55.57228122779282,20.845439646736434
938,-6.066411429258239,106.53280028531418,112.40613492636163,50.20549874446568,21.66430640645243
939,-6.165201884443641,106.78592853274301,302.4987052367087,73.74309236346024,20.956436330317963
940,-6.0336397753289965,106.55901721110364,93.50601138724636,69.73974756776268,29.28744823073156
941,-6.205499800201218,106.76314375014175,281.88354712416077,94.63522199255748,20.43090409537048
942,-6.092995068186316,106.7832736619293,332.01485176440366,74.08494588305952,25.385512089942303
943,-6.025901442619452,106.74540883866011,6.360361104686433,62.58424888068191,26.22462807524801
944,-5.998324462166729,106.69667351889417,30.056360344837174,53.63293536982052,21.37444878366674
945,-5.99236052982331,106.65535964024309,47.63738963565754,90.09728075407017,16.89367670010124
946,-6.255093306715293,106.61250483634667,210.29631732185123,58.263392815652935,16.69479140621678
947,-6.139716609842324,106.78867194350357,312.46960485394396,89.47511089120493,15.085559929820851
948,-6.087199105116085,106.78402440391733,335.1999787451616,79.06057599009665,22.573902760678006
949,-5.999682898285856,106.60290072427583,71.22285775661715,90.47964703672622,15.419496784716031
950,-5.9898020844447055,106.64299563373635,53.96026540621307,52.225384411889806,29.866516603869222
951,-6.0807149692386595,106.78307200329446,338.34557357115136,88.98110999837206,18.989841074796203
952,-6.022157478008409,106.5666804356183,88.99683298593851,54.267798953619184,25.725314314701578
953,-6.2586671289660245,106.61995896475149,214.2206169531796,78.29990716286753,13.911256326706368
954,-6.210411594645056,106.54842860957865,176.78966734500975,85.67211120924817,22.45044782210445
955,-6.170711099372684,106.5286002292372,157.13246359447623,68.61364429846563,14.20380427414626
956,-6.038409499152702,106.75800754803085,358.9712474142965,97.14192382621818,29.739496506500288
957,-6.199342705898598,106.77133554564907,287.21020216122247,50.92587806355147,11.798216094253695
958,-5.995044604117585,106.67676636718481,38.054167780413025,60.79552778759541,12.049091262825746
959,-5.993082733303398,106.63307416425388,57.522297792910194,56.71446088102688,10.489697763054872
960,-6.028154452558323,106.56164795760054,91.85043262385688,50.837583893094774,17.417302771067078
961,-6.142238210416641,106.79125298987172,312.5805311320555,82.1501714495165,11.302240431138788
962,-6.002031495429314,106.70309152433158,26.42940703494105,50.664628729453376,23.684261857317388
963,-6.258257424761613,106.63447290222781,218.94890798154643,68.98964509583524,13.186556428602291
964,-6.23321162798142,106.73337660338971,263.75358451506185,77.3802395569968,13.287631813866902
965,-6.222685805407971,106.74944670374931,272.8562099936122,80.2720604804062,21.961476530442027
966,-5.996485492903768,106.61912875284136,63.48309483093965,56.95321237693234,29.004522666389036
967,-6.258717376012996,106.67337497823664,235.7930457785676,76.38774444891588,23.754473727536695
968,-6.16326202948016,106.52556233938022,153.9486410916552,96.34600864812595,12.42710043393338
969,-6.043442634573579,106.75903975550928,356.1179449491226,96.84397880727855,26.7960363581553
970,-6.075457664168272,106.78103054449373,340.7013265599604,72.16775158974693,18.994167447034602
971,-6.1305171616754865,106.79202961945084,317.45148211874675,79.64383658334543,16.330505512327267
972,-6.256685684157974,106.62944544206815,216.4284473375515,85.31701891640725,13.905283209025558
973,-6.0961213478101755,106.7861812289828,331.22495201691754,62.01266103259118,20.232519493523714
974,-6.259969580078758,106.65394622335968,227.41395203435738,82.03769056453186,10.939000701926783
975,-6.045357102074246,106.7661055914421,355.3371324093599,93.59179139807726,22.96950353673178
976,-6.10403667040396,106.5208202280416,129.07848727315752,59.407214030023205,17.454306319879024
977,-6.138456958198758,106.78799718223098,312.67366324191835,91.70316687720336,20.59602029653341
978,-6.237605611571232,106.5746280656722,193.28411511598523,81.57536913502213,18.639253197000315
979,-6.249027526995083,106.60210348025602,204.46734933334756,62.15291767446008,19.606135394555963
980,-6.240052841109119,106.7323663403855,263.6109656467332,96.83150584645412,29.994084987655903
981,-6.085977700742939,106.52291839848999,122.27758417833655,57.87362385818101,19.974612634130438
982,-5.993889981611646,106.6555530229494,46.95098877652447,62.70948249212361,25.95134620479257
983,-6.213941666865746,106.55220171124456,178.7076570639351,79.98479609674696,27.69131544111933
984,-6.163797374604427,106.78231414778215,301.17231640958045,74.59794612697324,29.128742465485526
985,-6.20141228102598,106.5437398509536,171.93878997508153,74.18437764221213,22.432407828455855
986,-6.0131658171628,106.72698840053278,15.48081896920894,88.9405833545861,22.035157527782843
987,-6.26106752241378,106.63032668186439,218.71569217283826,55.50653978686552,11.659957405520029
988,-6.197295253294668,106.54094596326657,169.85057874296163,71.54554352710073,29.687150131426694
989,-6.008154778131393,106.71610714245197,20.163574399113884,59.86675830661956,22.89834031065122
990,-6.125643909591298,106.78822961396642,318.04613194523847,97.25697696338345,11.948282251465944
991,-6.016779850899062,106.73138551892463,12.843557785320115,99.9071718699465,22.10339911926844
992,-5.996134714019637,106.6934628727692,32.055593300672115,81.57804129198061,10.25001569387002
993,-5.9983297971148,106.61706482204563,64.07980508883111,95.0994167118814,20.49762864376783
994,-6.14362601370449,106.78822888035165,310.79643067879005,79.18231442258556,20.277235092547986
995,-6.017390133648948,106.57845499772957,82.4943014054686,72.62221928741657,26.425384175695307
996,-6.238203756129387,106.72976574450695,262.0366564487515,52.33192192202177,29.479749982115997
997,-6.01961698377176,106.57656258894863,83.43645425473204,91.80447008153892,28.657692065880678
998,-6.068913310353957,106.53506730037792,111.73988928765175,92.27163431595056,15.083771862183948
999,-6.010469283000394,106.72077063915458,18.00499177418743,92.55698619344079,29.424499288004967
